"v15_181","0","Single MusicalWork Work"
"v15_181","1","MusicalArtist Artist Person"
"v15_181","2","MusicalArtist Artist Person"
"v15_181","3","Single MusicalWork Work"
"v15_191","0","Single MusicalWork Work"
"v15_191","1","MusicalArtist Artist Person"
"v15_191","2","MusicalArtist Artist Person"
"v15_191","3","Single MusicalWork Work"
"v15_194","0","Single MusicalWork Work"
"v15_194","1","MusicalArtist Artist Person"
"v15_194","2","MusicalArtist Artist Person"
"v15_194","3","Single MusicalWork Work"
"v16_438","0","Single MusicalWork Work"
"v16_438","1","MusicalArtist Artist Person"
"v16_438","2","MusicalArtist Artist Person"
"v16_438","3","Band Organisation Group"
"v16_438","4","Single MusicalWork Work"
"v16_430","0","Single MusicalWork Work"
"v16_430","1","MusicalArtist Artist Person"
"v16_430","2","MusicalArtist Artist Person"
"v16_430","3","MusicalArtist Artist Person"
"v16_430","4","Single MusicalWork Work"
"v16_433","0","Single MusicalWork Work"
"v16_433","1","MusicalArtist Artist Person"
"v16_433","2","MusicalArtist Artist Person"
"v16_433","3","Band Organisation Group"
"v16_433","4","Single MusicalWork Work"
"v17_858","0","Mammal Animal Horse Eukaryote RaceHorse Species"
"v17_858","1","Mammal Animal Horse Eukaryote RaceHorse Species"
"v17_858","2","Mammal Animal Horse Eukaryote RaceHorse Species"
"v17_858","3","Mammal Animal Horse Eukaryote RaceHorse Species"
"v16_428","0","Single MusicalWork Work"
"v16_428","1","MusicalArtist Artist Person"
"v16_428","2","MusicalArtist Artist Person"
"v16_428","3","MusicalArtist Artist Person"
"v16_428","4","Single MusicalWork Work"
"v15_164","0","Work TelevisionShow"
"v15_164","1","Person"
"v15_164","2","Person"
"v16_440","0","Single MusicalWork Work"
"v16_440","1","MusicalArtist Artist Person"
"v16_440","2","MusicalArtist Artist Person"
"v16_440","3","Band Organisation Group"
"v16_440","4","Single MusicalWork Work"
"v18_241","0","TelevisionEpisode Work"
"v18_241","1","TelevisionEpisode Work"
"v18_241","2","MusicalArtist Artist Person"
"v18_241","3","Person"
"v17_668","0","WrittenWork Work Book"
"v17_668","1","Artist Person"
"v17_668","2","Writer Person"
"v17_668","3","WrittenWork Work Book"
"v16_432","0","Single MusicalWork Work"
"v16_432","1","MusicalArtist Artist Person"
"v16_432","2","MusicalArtist Artist Person"
"v16_432","3","Band Organisation Group"
"v16_432","4","Single MusicalWork Work"
"v15_166","0","Work TelevisionShow"
"v15_166","1","Person"
"v15_166","2","Person"
"v15_195","0","Single MusicalWork Work"
"v15_195","1","MusicalArtist Artist Person"
"v15_195","2","MusicalArtist Artist Person"
"v15_195","3","Single MusicalWork Work"
"v15_170","0","Work TelevisionShow"
"v15_170","1","Person"
"v15_170","2","Person"
"v16_152","0","Cyclist Person Athlete"
"v16_152","1","SportsTeam Organisation CyclingTeam"
"v15_182","0","Single MusicalWork Work"
"v15_182","1","MusicalArtist Artist Person"
"v15_182","2","MusicalArtist Artist Person"
"v15_182","3","Single MusicalWork Work"
"v15_173","0","Work TelevisionShow"
"v15_173","1","Person"
"v15_173","2","Person"
"v16_518","0","Mammal Animal Horse Eukaryote RaceHorse Species"
"v16_518","1","Mammal Animal Horse Eukaryote RaceHorse Species"
"v16_518","2","Mammal Animal Horse Eukaryote RaceHorse Species"
"v16_518","3","Person"
"v15_196","0","Single MusicalWork Work"
"v15_196","1","MusicalArtist Artist Person"
"v15_196","2","MusicalArtist Artist Person"
"v15_196","3","Single MusicalWork Work"
"v16_517","0","Mammal Animal Horse Eukaryote RaceHorse Species"
"v16_517","1","Mammal Animal Horse Eukaryote RaceHorse Species"
"v16_517","2","Mammal Animal Horse Eukaryote RaceHorse Species"
"v16_517","3","Person"
"v18_127","0","Cyclist Person Athlete"
"v18_127","1","SportsTeam Organisation CyclingTeam"
"v17_842","0","ArchitecturalStructure Building Location Place"
"v17_842","1","Architect Person"
"v15_177","0","Work TelevisionShow"
"v15_177","1","Person"
"v15_177","2","Person"
"v16_431","0","Single MusicalWork Work"
"v16_431","1","MusicalArtist Artist Person"
"v16_431","2","MusicalArtist Artist Person"
"v16_431","3","Band Organisation Group"
"v16_431","4","Single MusicalWork Work"
"v15_529","0","Person"
"v15_529","1","City Location Place PopulatedPlace Settlement"
"v15_529","2","Person"
"v17_356","0","Ship Locomotive Aircraft MeanOfTransportation Automobile MilitaryVehicle"
"v18_240","0","TelevisionEpisode Work"
"v18_240","1","TelevisionEpisode Work"
"v18_240","2","MusicalArtist Artist Person"
"v18_240","3","Person"
"v15_385","0","Work TelevisionShow"
"v15_385","1","Person"
"v15_385","2","MusicalArtist Artist Person"
"v17_830","0","ArchitecturalStructure Building Location Place"
"v17_830","1","Architect Person"
"v18_125","0","Cyclist Person Athlete"
"v18_125","1","SportsTeam Organisation CyclingTeam"
"v16_445","0","Single MusicalWork Work"
"v16_445","1","MusicalArtist Artist Person"
"v16_445","2","MusicalArtist Artist Person"
"v16_445","3","Band Organisation Group"
"v16_445","4","Single MusicalWork Work"
"v15_796","0","ArchitecturalStructure Building Location Place"
"v18_321","0","Event GrandPrix SportsEvent SocietalEvent PenaltyShootOut"
"v18_321","1","MotorsportRacer Person RacingDriver FormulaOneRacer Athlete"
"v18_321","2","Company Organisation"
"v18_321","3","MotorsportRacer Person RacingDriver FormulaOneRacer Athlete"
"v18_128","0","Cyclist Person Athlete"
"v18_128","1","SportsTeam Organisation CyclingTeam"
"v15_172","0","Work TelevisionShow"
"v15_172","1","Person"
"v15_172","2","Person"
"v15_526","0","Person"
"v15_526","1","City Location Place PopulatedPlace Settlement"
"v15_526","2","Person"
"v15_205","0","Food"
"v15_205","1","EthnicGroup"
"v16_444","0","Single MusicalWork Work"
"v16_444","1","MusicalArtist Artist Person"
"v16_444","2","MusicalArtist Artist Person"
"v16_444","3","Band Organisation Group"
"v16_444","4","Single MusicalWork Work"
"v16_623","0","BaseballPlayer Person Athlete"
"v16_623","1","SportsTeam Organisation BaseballTeam"
"v18_265","0","Work TelevisionShow"
"v18_265","1","Person"
"v18_265","2","MusicalArtist Artist Person"
"v18_265","3","Work TelevisionShow"
"v18_96","0","Curler WinterSportPlayer Person Athlete"
"v18_96","1","City Location Place PopulatedPlace Settlement"
"v18_96","2","City Location Place PopulatedPlace Settlement"
"v18_769","0","Building Location Place ArchitecturalStructure HistoricBuilding HistoricPlace"
"v15_791","0","ArchitecturalStructure Building Location Place"
"v17_838","0","ArchitecturalStructure Building Location Place"
"v17_838","1","Architect Person"
"v18_734","0","ArchitecturalStructure Building Location Place"
"v15_84","0","Curler WinterSportPlayer Person Athlete"
"v15_84","1","City Location Place PopulatedPlace Settlement"
"v15_84","2","City Location Place PopulatedPlace Settlement"
"v15_447","0","GridironFootballPlayer Person AmericanFootballPlayer Athlete"
"v15_447","1","AmericanFootballTeam SportsTeam Organisation"
"v16_621","0","BaseballPlayer Person Athlete"
"v16_621","1","SportsTeam Organisation BaseballTeam"
"v16_520","0","Mammal Animal Horse Eukaryote RaceHorse Species"
"v16_520","1","Mammal Animal Horse Eukaryote RaceHorse Species"
"v16_520","2","Mammal Animal Horse Eukaryote RaceHorse Species"
"v16_520","3","Person"
"v17_836","0","ArchitecturalStructure Building Location Place"
"v17_836","1","Architect Person"
"v15_911","0","Mammal Animal Horse Eukaryote RaceHorse Species"
"v15_911","1","Company Organisation"
"v15_911","2","Mammal Animal Horse Eukaryote RaceHorse Species"
"v15_911","3","Mammal Animal Horse Eukaryote RaceHorse Species"
"v15_911","4","Mammal Animal Horse Eukaryote RaceHorse Species"
"v16_630","0","BaseballPlayer Person Athlete"
"v16_630","1","SportsTeam Organisation BaseballTeam"
"v15_382","0","Work TelevisionShow"
"v15_382","1","Person"
"v15_382","2","MusicalArtist Artist Person"
"v15_176","0","Work TelevisionShow"
"v15_176","1","Person"
"v15_176","2","Person"
"v18_862","0","WrittenWork Magazine PeriodicalLiterature Work"
"v18_862","1","Company Organisation"
"v16_434","0","Single MusicalWork Work"
"v16_434","1","MusicalArtist Artist Person"
"v16_434","2","MusicalArtist Artist Person"
"v16_434","3","MusicalArtist Artist Person"
"v16_434","4","Single MusicalWork Work"
"v17_834","0","ArchitecturalStructure Building Location Place"
"v17_834","1","Architect Person"
"v16_435","0","Single MusicalWork Work"
"v16_435","1","MusicalArtist Artist Person"
"v16_435","2","MusicalArtist Artist Person"
"v16_435","3","Band Organisation Group"
"v16_435","4","Single MusicalWork Work"
"v15_161","0","Work TelevisionShow"
"v15_161","1","Person"
"v15_161","2","Person"
"v17_342","0","Ship Locomotive Aircraft MeanOfTransportation Automobile MilitaryVehicle"
"v17_857","0","Mammal Animal Horse Eukaryote RaceHorse Species"
"v17_857","1","Mammal Animal Horse Eukaryote RaceHorse Species"
"v17_857","2","Mammal Animal Horse Eukaryote RaceHorse Species"
"v17_857","3","Mammal Animal Horse Eukaryote RaceHorse Species"
"v16_673","0","WrittenWork Work Book"
"v16_673","1","WrittenWork Work Book"
"v17_104","0","Curler WinterSportPlayer Person Athlete"
"v17_104","1","City Location Place PopulatedPlace Settlement"
"v17_104","2","City Location Place PopulatedPlace Settlement"
"v16_625","0","BaseballPlayer Person Athlete"
"v16_625","1","SportsTeam Organisation BaseballTeam"
"v17_672","0","WrittenWork Work Book"
"v17_672","1","Artist Person"
"v17_672","2","Writer Person"
"v17_672","3","WrittenWork Work Book"
"v15_421","0","GridironFootballPlayer Person AmericanFootballPlayer Athlete"
"v15_421","1","AmericanFootballTeam SportsTeam Organisation"
"v15_421","2","City Location Place PopulatedPlace Settlement"
"v16_616","0","BaseballPlayer Person Athlete"
"v16_616","1","SportsTeam Organisation BaseballTeam"
"v15_344","0","Infrastructure Airport Place Location ArchitecturalStructure"
"v15_344","1","City Location Place PopulatedPlace Settlement"
"v15_344","2","City Location Place PopulatedPlace Settlement"
"v15_372","0","Work TelevisionShow"
"v15_372","1","Person"
"v15_372","2","MusicalArtist Artist Person"
"v16_619","0","BaseballPlayer Person Athlete"
"v16_619","1","SportsTeam Organisation BaseballTeam"
"v16_109","0","Cricketer Person Athlete"
"v17_353","0","Ship Locomotive Aircraft MeanOfTransportation Automobile MilitaryVehicle"
"v16_123","0","Cricketer Person Athlete"
"v15_525","0","Person"
"v15_525","1","City Location Place PopulatedPlace Settlement"
"v15_525","2","Person"
"v15_384","0","Work TelevisionShow"
"v15_384","1","Person"
"v15_384","2","MusicalArtist Artist Person"
"v17_349","0","Ship Locomotive Aircraft MeanOfTransportation Automobile MilitaryVehicle"
"v16_153","0","Cyclist Person Athlete"
"v16_153","1","SportsTeam Organisation CyclingTeam"
"v16_628","0","BaseballPlayer Person Athlete"
"v16_628","1","SportsTeam Organisation BaseballTeam"
"v17_341","0","Ship Locomotive Aircraft MeanOfTransportation Automobile MilitaryVehicle"
"v18_732","0","Building Location Place ArchitecturalStructure HistoricBuilding HistoricPlace"
"v16_116","0","Cricketer Person Athlete"
"v16_119","0","Cricketer Person Athlete"
"v18_861","0","WrittenWork Magazine PeriodicalLiterature Work"
"v18_861","1","Company Organisation"
"v16_137","0","Curler WinterSportPlayer Person Athlete"
"v16_137","1","City Location Place PopulatedPlace Settlement"
"v18_95","0","Curler WinterSportPlayer Person Athlete"
"v18_95","1","City Location Place PopulatedPlace Settlement"
"v18_95","2","City Location Place PopulatedPlace Settlement"
"v15_185","0","Single MusicalWork Work"
"v15_185","1","MusicalArtist Artist Person"
"v15_185","2","MusicalArtist Artist Person"
"v15_185","3","Single MusicalWork Work"
"v18_129","0","Cyclist Person Athlete"
"v18_129","1","SportsTeam Organisation CyclingTeam"
"v18_768","0","Building Location Place ArchitecturalStructure HistoricBuilding HistoricPlace"
"v17_412","0","Work TelevisionShow"
"v17_412","1","Person"
"v17_412","2","Person"
"v18_766","0","ArchitecturalStructure Building Location Place"
"v17_352","0","Ship Locomotive Aircraft MeanOfTransportation Automobile MilitaryVehicle"
"v15_374","0","Work TelevisionShow"
"v15_374","1","Person"
"v15_374","2","MusicalArtist Artist Person"
"v15_200","0","Single MusicalWork Work"
"v15_200","1","MusicalArtist Artist Person"
"v15_200","2","MusicalArtist Artist Person"
"v15_200","3","Single MusicalWork Work"
"v17_354","0","Ship Locomotive Aircraft MeanOfTransportation Automobile MilitaryVehicle"
"v18_770","0","ArchitecturalStructure Building Location Place"
"v15_784","0","ArchitecturalStructure Building Location Place"
"v18_771","0","ArchitecturalStructure Building Location Place"
"v15_199","0","Single MusicalWork Work"
"v15_199","1","MusicalArtist Artist Person"
"v15_199","2","MusicalArtist Artist Person"
"v15_199","3","Single MusicalWork Work"
"v18_564","0","GridironFootballPlayer Person AmericanFootballPlayer Athlete"
"v18_564","1","AmericanFootballTeam SportsTeam Organisation"
"v18_737","0","ArchitecturalStructure Building Location Place"
"v16_595","0","Ship Locomotive Aircraft MeanOfTransportation Automobile MilitaryVehicle"
"v15_377","0","Work TelevisionShow"
"v15_377","1","Person"
"v15_377","2","MusicalArtist Artist Person"
"v17_930","0","Ship Locomotive Aircraft MeanOfTransportation Automobile MilitaryVehicle"
"v18_919","0","Ship Locomotive Aircraft MeanOfTransportation Automobile MilitaryVehicle"
"v16_111","0","Cricketer Person Athlete"
"v15_527","0","Person"
"v15_527","1","City Location Place PopulatedPlace Settlement"
"v15_527","2","Person"
"v16_636","0","BasketballPlayer Person Athlete"
"v16_636","1","University College Organisation EducationalInstitution"
"v16_636","2","BasketballTeam SportsTeam Organisation"
"v16_620","0","BaseballPlayer Person Athlete"
"v16_620","1","SportsTeam Organisation BaseballTeam"
"v15_552","0","Ship Locomotive Aircraft MeanOfTransportation Automobile MilitaryVehicle"
"v16_626","0","BaseballPlayer Person Athlete"
"v16_626","1","SportsTeam Organisation BaseballTeam"
"v15_785","0","ArchitecturalStructure Building Location Place"
"v18_777","0","ArchitecturalStructure Building Location Place"
"v18_271","0","Food"
"v18_271","1","EthnicGroup"
"v17_827","0","ArchitecturalStructure Building Location Place"
"v17_827","1","Architect Person"
"v15_180","0","Single MusicalWork Work"
"v15_180","1","MusicalArtist Artist Person"
"v15_180","2","MusicalArtist Artist Person"
"v15_180","3","Single MusicalWork Work"
"v18_733","0","Building Location Place ArchitecturalStructure HistoricBuilding HistoricPlace"
"v15_792","0","ArchitecturalStructure Building Location Place"
"v15_795","0","ArchitecturalStructure Building Location Place"
"v18_518","0","Mammal Animal Horse Eukaryote RaceHorse Species"
"v18_518","1","Person"
"v18_518","2","Mammal Animal Horse Eukaryote RaceHorse Species"
"v18_518","3","Mammal Animal Horse Eukaryote RaceHorse Species"
"v17_363","0","Ship Locomotive Aircraft MeanOfTransportation Automobile MilitaryVehicle"
"v17_363","1","Ship Locomotive Aircraft MeanOfTransportation Automobile MilitaryVehicle"
"v16_159","0","DartsPlayer Person Athlete"
"v16_159","1","Country Place PopulatedPlace Location"
"v16_159","2","Place Location Settlement PopulatedPlace"
"v16_437","0","Single MusicalWork Work"
"v16_437","1","MusicalArtist Artist Person"
"v16_437","2","MusicalArtist Artist Person"
"v16_437","3","MusicalArtist Artist Person"
"v16_437","4","Single MusicalWork Work"
"v16_121","0","Cricketer Person Athlete"
"v16_453","0","Work TelevisionShow"
"v16_453","1","Work TelevisionShow"
"v16_453","2","Person"
"v16_427","0","Single MusicalWork Work"
"v16_427","1","MusicalArtist Artist Person"
"v16_427","2","MusicalArtist Artist Person"
"v16_427","3","Band Organisation Group"
"v16_427","4","Single MusicalWork Work"
"v17_458","0","GridironFootballPlayer Person AmericanFootballPlayer Athlete"
"v18_765","0","ArchitecturalStructure Building Location Place"
"v16_458","0","Work TelevisionShow"
"v16_458","1","Work TelevisionShow"
"v16_458","2","Person"
"v18_935","0","Model Person"
"v18_935","1","Person"
"v16_124","0","Cricketer Person Athlete"
"v18_927","0","Ship Locomotive Aircraft MeanOfTransportation Automobile MilitaryVehicle"
"v15_380","0","Work TelevisionShow"
"v15_380","1","Person"
"v15_380","2","MusicalArtist Artist Person"
"v18_722","0","ArchitecturalStructure Building Location Place"
"v18_539","0","AnatomicalStructure Artery"
"v18_539","1","Vein AnatomicalStructure"
"v18_539","2","AnatomicalStructure"
"v18_539","3","AnatomicalStructure Artery"
"v17_449","0","GridironFootballPlayer Person AmericanFootballPlayer Athlete"
"v18_456","0","GridironFootballPlayer Person AmericanFootballPlayer Athlete"
"v17_828","0","ArchitecturalStructure Building Location Place"
"v17_828","1","Architect Person"
"v16_436","0","Single MusicalWork Work"
"v16_436","1","MusicalArtist Artist Person"
"v16_436","2","MusicalArtist Artist Person"
"v16_436","3","Band Organisation Group"
"v16_436","4","Single MusicalWork Work"
"v18_920","0","Ship Locomotive Aircraft MeanOfTransportation Automobile MilitaryVehicle"
"v17_833","0","ArchitecturalStructure Building Location Place"
"v17_833","1","Architect Person"
"v16_240","1","Person"
"v16_240","2","Person"
"v16_240","3","Person"
"v18_902","0","OfficeHolder Person"
"v16_562","0","Person"
"v16_562","1","Location Place Region PopulatedPlace AdministrativeRegion"
"v16_562","2","Person"
"v17_831","0","ArchitecturalStructure Building Location Place"
"v17_831","1","Architect Person"
"v16_711","0","Boxer Person Athlete"
"v16_711","1","Country Place PopulatedPlace Location"
"v16_711","2","City Location Place PopulatedPlace Settlement"
"v17_451","0","GridironFootballPlayer Person AmericanFootballPlayer Athlete"
"v16_241","1","Writer Person"
"v16_241","2","Person"
"v16_241","3","Person"
"v15_484","0","Vein AnatomicalStructure"
"v15_484","1","Vein AnatomicalStructure"
"v15_484","2","AnatomicalStructure Artery"
"v16_138","0","Curler WinterSportPlayer Person Athlete"
"v16_138","1","City Location Place PopulatedPlace Settlement"
"v15_634","0","Protein Biomolecule"
"v15_171","0","Work TelevisionShow"
"v15_171","1","Person"
"v15_171","2","Person"
"v15_636","0","Protein Biomolecule"
"v15_790","0","ArchitecturalStructure Building Location Place"
"v15_187","0","Single MusicalWork Work"
"v15_187","1","MusicalArtist Artist Person"
"v15_187","2","MusicalArtist Artist Person"
"v15_187","3","Single MusicalWork Work"
"v15_558","0","Ship Locomotive Aircraft MeanOfTransportation Automobile MilitaryVehicle"
"v15_549","0","Ship Locomotive Aircraft MeanOfTransportation Automobile MilitaryVehicle"
"v15_487","0","Mammal Animal Horse Eukaryote RaceHorse Species"
"v15_487","1","Mammal Animal Horse Eukaryote RaceHorse Species"
"v15_487","2","Mammal Animal Horse Eukaryote RaceHorse Species"
"v16_624","0","BaseballPlayer Person Athlete"
"v16_624","1","SportsTeam Organisation BaseballTeam"
"v15_564","0","Ship Locomotive Aircraft MeanOfTransportation Automobile MilitaryVehicle"
"v15_489","0","Mammal Animal Horse Eukaryote RaceHorse Species"
"v15_489","1","Mammal Animal Horse Eukaryote RaceHorse Species"
"v15_489","2","Mammal Animal Horse Eukaryote RaceHorse Species"
"v15_554","0","Ship Locomotive Aircraft MeanOfTransportation Automobile MilitaryVehicle"
"v15_813","0","Person WinterSportPlayer IceHockeyPlayer Athlete"
"v15_528","0","Person"
"v15_528","1","City Location Place PopulatedPlace Settlement"
"v15_528","2","Person"
"v17_452","0","GridironFootballPlayer Person AmericanFootballPlayer Athlete"
"v16_118","0","Cricketer Person Athlete"
"v17_856","0","Mammal Animal Horse Eukaryote RaceHorse Species"
"v17_856","1","Mammal Animal Horse Eukaryote RaceHorse Species"
"v17_856","2","Mammal Animal Horse Eukaryote RaceHorse Species"
"v17_856","3","Mammal Animal Horse Eukaryote RaceHorse Species"
"v18_721","0","ArchitecturalStructure Building Location Place"
"v15_559","0","Ship Locomotive Aircraft MeanOfTransportation Automobile MilitaryVehicle"
"v15_783","0","ArchitecturalStructure Building Location Place"
"v16_599","0","Ship Locomotive Aircraft MeanOfTransportation Automobile MilitaryVehicle"
"v15_786","0","ArchitecturalStructure Building Location Place"
"v17_846","0","ArchitecturalStructure Building Location Place"
"v17_846","1","Architect Person"
"v18_932","0","Ship Locomotive Aircraft MeanOfTransportation Automobile MilitaryVehicle"
"v15_488","0","Mammal Animal Horse Eukaryote RaceHorse Species"
"v15_488","1","Mammal Animal Horse Eukaryote RaceHorse Species"
"v15_488","2","Mammal Animal Horse Eukaryote RaceHorse Species"
"v15_179","0","Work TelevisionShow"
"v15_179","1","Person"
"v15_179","2","Person"
"v18_239","0","TelevisionEpisode Work"
"v18_239","1","TelevisionEpisode Work"
"v18_239","2","MusicalArtist Artist Person"
"v18_239","3","Person"
"v17_447","0","GridironFootballPlayer Person AmericanFootballPlayer Athlete"
"v16_113","0","Cricketer Person Athlete"
"v15_934","0","MemberOfParliament Politician Person"
"v15_934","1","MemberOfParliament Politician Person"
"v17_360","0","Ship Locomotive Aircraft MeanOfTransportation Automobile MilitaryVehicle"
"v17_348","0","Ship Locomotive Aircraft MeanOfTransportation Automobile MilitaryVehicle"
"v18_472","0","GridironFootballPlayer Person AmericanFootballPlayer Athlete"
"v18_763","0","Building Location Place ArchitecturalStructure HistoricBuilding HistoricPlace"
"v15_910","0","Mammal Animal Horse Eukaryote RaceHorse Species"
"v15_910","1","Company Organisation"
"v15_910","2","Mammal Animal Horse Eukaryote RaceHorse Species"
"v15_910","3","Mammal Animal Horse Eukaryote RaceHorse Species"
"v15_910","4","Mammal Animal Horse Eukaryote RaceHorse Species"
"v18_724","0","Building Location Place ArchitecturalStructure HistoricBuilding HistoricPlace"
"v17_946","0","Ship Locomotive Aircraft MeanOfTransportation Automobile MilitaryVehicle"
"v15_373","0","Work TelevisionShow"
"v15_373","1","Writer Person"
"v15_373","2","MusicalArtist Artist Person"
"v16_456","0","Work TelevisionShow"
"v16_456","1","Work TelevisionShow"
"v16_456","2","Person"
"v16_150","0","Cyclist Person Athlete"
"v16_150","1","SportsTeam Organisation CyclingTeam"
"v17_455","0","GridironFootballPlayer Person AmericanFootballPlayer Athlete"
"v16_891","0","Ligament AnatomicalStructure"
"v15_815","0","Person WinterSportPlayer IceHockeyPlayer Athlete"
"v17_454","0","GridironFootballPlayer Person AmericanFootballPlayer Athlete"
"v17_350","0","Ship Locomotive Aircraft MeanOfTransportation Automobile MilitaryVehicle"
"v18_728","0","ArchitecturalStructure Building Location Place"
"v18_466","0","GridironFootballPlayer Person AmericanFootballPlayer Athlete"
"v16_560","0","Person"
"v16_560","1","Person"
"v16_560","2","City Location Place PopulatedPlace Settlement"
"v15_793","0","ArchitecturalStructure Building Location Place"
"v15_556","0","Ship Locomotive Aircraft MeanOfTransportation Automobile MilitaryVehicle"
"v16_224","0","WinterSportPlayer FigureSkater Person Athlete"
"v16_224","1","WinterSportPlayer FigureSkater Person Athlete"
"v16_224","2","WinterSportPlayer FigureSkater Person Athlete"
"v16_224","3","WinterSportPlayer FigureSkater Person Athlete"
"v18_470","0","GridironFootballPlayer Person AmericanFootballPlayer Athlete"
"v16_372","0","Ship Locomotive Aircraft MeanOfTransportation Automobile MilitaryVehicle"
"v16_462","0","Work TelevisionShow"
"v16_462","1","Work TelevisionShow"
"v16_462","2","Person"
"v16_519","0","Mammal Animal Horse Eukaryote RaceHorse Species"
"v16_519","1","Mammal Animal Horse Eukaryote RaceHorse Species"
"v16_519","2","Mammal Animal Horse Eukaryote RaceHorse Species"
"v16_519","3","Person"
"v17_829","0","ArchitecturalStructure Building Location Place"
"v17_829","1","Architect Person"
"v18_729","0","ArchitecturalStructure Building Location Place"
"v15_376","0","Work TelevisionShow"
"v15_376","1","Person"
"v15_376","2","MusicalArtist Artist Person"
"v15_169","0","Work TelevisionShow"
"v15_169","1","Person"
"v15_169","2","Person"
"v17_343","0","Ship Locomotive Aircraft MeanOfTransportation Automobile MilitaryVehicle"
"v17_351","0","Ship Locomotive Aircraft MeanOfTransportation Automobile MilitaryVehicle"
"v18_898","0","OfficeHolder Person"
"v18_898","1","MilitaryUnit Organisation"
"v18_898","2","OfficeHolder Person"
"v15_555","0","Ship Locomotive Aircraft MeanOfTransportation Automobile MilitaryVehicle"
"v15_163","0","Work TelevisionShow"
"v15_163","1","Person"
"v15_163","2","Person"
"v16_443","0","Single MusicalWork Work"
"v16_443","1","MusicalArtist Artist Person"
"v16_443","2","MusicalArtist Artist Person"
"v16_443","3","Band Organisation Group"
"v16_443","4","Single MusicalWork Work"
"v16_147","0","Cyclist Person Athlete"
"v16_147","1","SportsTeam Organisation CyclingTeam"
"v15_453","0","GridironFootballPlayer Person AmericanFootballPlayer Athlete"
"v15_453","1","AmericanFootballTeam SportsTeam Organisation"
"v16_651","0","Protein Biomolecule"
"v17_618","0","Protein Biomolecule"
"v15_548","0","Ship Locomotive Aircraft MeanOfTransportation Automobile MilitaryVehicle"
"v18_922","0","Ship Locomotive Aircraft MeanOfTransportation Automobile MilitaryVehicle"
"v18_917","0","Ship Locomotive Aircraft MeanOfTransportation Automobile MilitaryVehicle"
"v17_346","0","Ship Locomotive Aircraft MeanOfTransportation Automobile MilitaryVehicle"
"v17_238","0","Food"
"v17_238","1","EthnicGroup"
"v16_120","0","Cricketer Person Athlete"
"v18_206","0","WinterSportPlayer FigureSkater Person Athlete"
"v18_206","1","WinterSportPlayer FigureSkater Person Athlete"
"v17_361","0","Ship Locomotive Aircraft MeanOfTransportation Automobile MilitaryVehicle"
"v17_361","1","Ship Locomotive Aircraft MeanOfTransportation Automobile MilitaryVehicle"
"v17_738","0","TelevisionStation Broadcaster Organisation"
"v18_458","0","GridironFootballPlayer Person AmericanFootballPlayer Athlete"
"v15_35","0","Person CollegeCoach Coach"
"v17_847","0","ArchitecturalStructure Building Location Place"
"v17_847","1","Architect Person"
"v18_238","0","TelevisionEpisode Work"
"v18_238","1","TelevisionEpisode Work"
"v18_238","2","MusicalArtist Artist Person"
"v18_238","3","Person"
"v15_257","0","Event GrandPrix SportsEvent SocietalEvent PenaltyShootOut"
"v15_257","1","Company Organisation"
"v15_257","2","Person"
"v15_184","0","Single MusicalWork Work"
"v15_184","1","MusicalArtist Artist Person"
"v15_184","2","MusicalArtist Artist Person"
"v15_184","3","Single MusicalWork Work"
"v18_469","0","GridironFootballPlayer Person AmericanFootballPlayer Athlete"
"v18_473","0","GridironFootballPlayer Person AmericanFootballPlayer Athlete"
"v16_289","0","Food"
"v16_289","1","EthnicGroup"
"v15_876","0","Ship Locomotive Aircraft MeanOfTransportation Automobile MilitaryVehicle"
"v18_735","0","ArchitecturalStructure Building Location Place"
"v17_855","0","Mammal Animal Horse Eukaryote RaceHorse Species"
"v17_855","1","Mammal Animal Horse Eukaryote RaceHorse Species"
"v17_855","2","Mammal Animal Horse Eukaryote RaceHorse Species"
"v17_855","3","Mammal Animal Horse Eukaryote RaceHorse Species"
"v17_239","0","Food"
"v17_239","1","EthnicGroup"
"v18_740","0","ArchitecturalStructure Building Location Place"
"v15_794","0","ArchitecturalStructure Building Location Place"
"v16_353","0","GridironFootballPlayer Person AmericanFootballPlayer Athlete"
"v18_38","0","Colour"
"v18_863","0","WrittenWork Magazine PeriodicalLiterature Work"
"v18_863","1","Company Organisation"
"v18_856","0","Ship Locomotive Aircraft MeanOfTransportation Automobile MilitaryVehicle"
"v17_457","0","GridironFootballPlayer Person AmericanFootballPlayer Athlete"
"v18_474","0","GridironFootballPlayer Person AmericanFootballPlayer Athlete"
"v15_34","0","Person CollegeCoach Coach"
"v15_550","0","Ship Locomotive Aircraft MeanOfTransportation Automobile MilitaryVehicle"
"v16_374","0","Ship Locomotive Aircraft MeanOfTransportation Automobile MilitaryVehicle"
"v17_355","0","Ship Locomotive Aircraft MeanOfTransportation Automobile MilitaryVehicle"
"v16_627","0","BaseballPlayer Person Athlete"
"v16_627","1","SportsTeam Organisation BaseballTeam"
"v16_235","1","Writer Person"
"v16_235","2","Person"
"v16_235","3","Person"
"v16_290","0","Food"
"v16_290","1","EthnicGroup"
"v18_211","0","WinterSportPlayer FigureSkater Person Athlete"
"v18_211","1","WinterSportPlayer FigureSkater Person Athlete"
"v15_383","0","Work TelevisionShow"
"v15_383","1","Person"
"v15_383","2","MusicalArtist Artist Person"
"v15_878","0","Ship Locomotive Aircraft MeanOfTransportation Automobile MilitaryVehicle"
"v16_654","0","Protein Biomolecule"
"v17_460","0","GridironFootballPlayer Person AmericanFootballPlayer Athlete"
"v18_210","0","WinterSportPlayer FigureSkater Person Athlete"
"v18_210","1","WinterSportPlayer FigureSkater Person Athlete"
"v18_462","0","GridironFootballPlayer Person AmericanFootballPlayer Athlete"
"v18_253","1","Writer Person"
"v18_253","2","Person"
"v15_198","0","Single MusicalWork Work"
"v15_198","1","MusicalArtist Artist Person"
"v15_198","2","MusicalArtist Artist Person"
"v15_198","3","Single MusicalWork Work"
"v18_731","0","ArchitecturalStructure Building Location Place"
"v18_537","0","AnatomicalStructure Artery"
"v18_537","1","AnatomicalStructure Artery"
"v18_635","0","AnatomicalStructure Brain"
"v17_345","0","Ship Locomotive Aircraft MeanOfTransportation Automobile MilitaryVehicle"
"v18_775","0","ArchitecturalStructure Building Location Place"
"v15_188","0","Single MusicalWork Work"
"v15_188","1","MusicalArtist Artist Person"
"v15_188","2","MusicalArtist Artist Person"
"v15_188","3","Single MusicalWork Work"
"v15_553","0","Ship Locomotive Aircraft MeanOfTransportation Automobile MilitaryVehicle"
"v17_954","0","Mammal Animal Horse Eukaryote RaceHorse Species"
"v17_954","1","Company Organisation"
"v17_954","2","Mammal Animal Horse Eukaryote RaceHorse Species"
"v17_954","3","Mammal Animal Horse Eukaryote RaceHorse Species"
"v17_954","4","Mammal Animal Horse Eukaryote RaceHorse Species"
"v18_272","0","Food"
"v18_272","1","EthnicGroup"
"v16_510","0","AnatomicalStructure Artery"
"v16_510","1","AnatomicalStructure Artery"
"v15_637","0","Protein Biomolecule"
"v17_340","0","Ship Locomotive Aircraft MeanOfTransportation Automobile MilitaryVehicle"
"v15_486","0","Mammal Animal Horse Eukaryote RaceHorse Species"
"v15_486","1","Mammal Animal Horse Eukaryote RaceHorse Species"
"v15_486","2","Mammal Animal Horse Eukaryote RaceHorse Species"
"v17_757","0","ArchitecturalStructure Building Location Place"
"v17_757","1","Location Place Region PopulatedPlace AdministrativeRegion"
"v17_757","2","Location Place Region PopulatedPlace AdministrativeRegion"
"v17_757","3","Location Place Region PopulatedPlace AdministrativeRegion"
"v18_467","0","GridironFootballPlayer Person AmericanFootballPlayer Athlete"
"v16_618","0","BaseballPlayer Person Athlete"
"v16_618","1","SportsTeam Organisation BaseballTeam"
"v17_934","0","Ship Locomotive Aircraft MeanOfTransportation Automobile MilitaryVehicle"
"v17_103","0","Curler WinterSportPlayer Person Athlete"
"v17_103","1","City Location Place PopulatedPlace Settlement"
"v17_103","2","City Location Place PopulatedPlace Settlement"
"v18_849","0","Ligament AnatomicalStructure"
"v18_762","0","Building Location Place ArchitecturalStructure HistoricBuilding HistoricPlace"
"v17_450","0","GridironFootballPlayer Person AmericanFootballPlayer Athlete"
"v17_843","0","ArchitecturalStructure Building Location Place"
"v17_843","1","Architect Person"
"v18_774","0","ArchitecturalStructure Building Location Place"
"v17_534","0","AnatomicalStructure Artery"
"v17_534","1","AnatomicalStructure Artery"
"v17_534","2","Vein AnatomicalStructure"
"v17_534","3","AnatomicalStructure Artery"
"v16_115","0","Cricketer Person Athlete"
"v16_761","0","ArchitecturalStructure Building Location Place"
"v16_761","1","Location Place Region PopulatedPlace AdministrativeRegion"
"v16_761","2","Location Place Region PopulatedPlace AdministrativeRegion"
"v16_761","3","Location Place Region PopulatedPlace AdministrativeRegion"
"v16_761","4","Location Place Region PopulatedPlace AdministrativeRegion"
"v16_136","0","Curler WinterSportPlayer Person Athlete"
"v16_136","1","City Location Place PopulatedPlace Settlement"
"v18_614","0","Protein Biomolecule"
"v15_885","0","WrittenWork Magazine PeriodicalLiterature Work"
"v15_885","1","Company Organisation"
"v16_122","0","Cricketer Person Athlete"
"v16_553","0","AnatomicalStructure Artery"
"v16_553","1","AnatomicalStructure Artery"
"v16_553","2","Vein AnatomicalStructure"
"v16_553","3","AnatomicalStructure Artery"
"v17_849","0","ArchitecturalStructure Building Location Place"
"v17_849","1","Architect Person"
"v15_165","0","Work TelevisionShow"
"v15_165","1","Person"
"v15_165","2","Person"
"v15_562","0","Ship Locomotive Aircraft MeanOfTransportation Automobile MilitaryVehicle"
"v17_840","0","ArchitecturalStructure Building Location Place"
"v17_840","1","Architect Person"
"v18_934","0","Ship Locomotive Aircraft MeanOfTransportation Automobile MilitaryVehicle"
"v18_929","0","Ship Locomotive Aircraft MeanOfTransportation Automobile MilitaryVehicle"
"v15_431","0","GridironFootballPlayer Person AmericanFootballPlayer Athlete"
"v15_431","1","AmericanFootballTeam SportsTeam Organisation"
"v15_431","2","City Location Place PopulatedPlace Settlement"
"v17_587","0","BaseballPlayer Person Athlete"
"v17_587","1","SportsTeam Organisation BaseballTeam"
"v17_587","2","City Location Place PopulatedPlace Settlement"
"v16_148","0","Cyclist Person Athlete"
"v16_148","1","SportsTeam Organisation CyclingTeam"
"v15_520","0","AnatomicalStructure Artery"
"v15_520","1","AnatomicalStructure"
"v15_520","2","Vein AnatomicalStructure"
"v16_655","0","Protein Biomolecule"
"v16_656","0","Protein Biomolecule"
"v17_105","0","Curler WinterSportPlayer Person Athlete"
"v17_105","1","City Location Place PopulatedPlace Settlement"
"v17_105","2","City Location Place PopulatedPlace Settlement"
"v17_839","0","ArchitecturalStructure Building Location Place"
"v17_839","1","Architect Person"
"v17_845","0","ArchitecturalStructure Building Location Place"
"v17_845","1","Architect Person"
"v17_528","0","Architect Person"
"v17_528","1","ArchitecturalStructure Building Location Place"
"v16_447","0","Work TelevisionShow"
"v16_447","1","Work TelevisionShow"
"v16_447","2","Person"
"v16_285","0","Event SocietalEvent MusicFestival PenaltyShootOut FilmFestival"
"v16_661","0","Protein Biomolecule"
"v18_224","1","Person"
"v18_224","2","Person"
"v18_224","3","Person"
"v17_579","0","BaseballPlayer Person Athlete"
"v17_579","1","SportsTeam Organisation BaseballTeam"
"v17_579","2","City Location Place PopulatedPlace Settlement"
"v18_926","0","Ship Locomotive Aircraft MeanOfTransportation Automobile MilitaryVehicle"
"v16_146","0","Cyclist Person Athlete"
"v16_146","1","SportsTeam Organisation CyclingTeam"
"v16_149","0","Cyclist Person Athlete"
"v16_149","1","SportsTeam Organisation CyclingTeam"
"v18_126","0","Cyclist Person Athlete"
"v18_126","1","SportsTeam Organisation CyclingTeam"
"v15_635","0","Protein Biomolecule"
"v18_760","0","ArchitecturalStructure Building Location Place"
"v16_516","0","Mammal Animal Horse Eukaryote RaceHorse Species"
"v16_516","1","Mammal Animal Horse Eukaryote RaceHorse Species"
"v16_516","2","Mammal Animal Horse Eukaryote RaceHorse Species"
"v16_516","3","Person"
"v18_203","0","WinterSportPlayer FigureSkater Person Athlete"
"v18_203","1","WinterSportPlayer FigureSkater Person Athlete"
"v18_203","2","WinterSportPlayer FigureSkater Person Athlete"
"v18_203","3","WinterSportPlayer FigureSkater Person Athlete"
"v17_979","0","Person MartialArtist Athlete"
"v17_979","1","Country Place PopulatedPlace Location"
"v17_979","2","Person MartialArtist Athlete"
"v15_436","0","GridironFootballPlayer Person AmericanFootballPlayer Athlete"
"v15_436","1","AmericanFootballTeam SportsTeam Organisation"
"v15_436","2","City Location Place PopulatedPlace Settlement"
"v17_920","0","Organisation Legislature"
"v17_920","1","PoliticalParty Organisation"
"v17_58","0","Colour"
"v16_441","0","Single MusicalWork Work"
"v16_441","1","MusicalArtist Artist Person"
"v16_441","2","MusicalArtist Artist Person"
"v16_441","3","Band Organisation Group"
"v16_441","4","Single MusicalWork Work"
"v15_492","0","Mammal Animal Horse Eukaryote RaceHorse Species"
"v15_492","1","Mammal Animal Horse Eukaryote RaceHorse Species"
"v15_492","2","Mammal Animal Horse Eukaryote RaceHorse Species"
"v17_63","0","Colour"
"v15_339","0","Infrastructure Airport Place Location ArchitecturalStructure"
"v15_339","1","City Location Place PopulatedPlace Settlement"
"v15_339","2","City Location Place PopulatedPlace Settlement"
"v16_252","1","Writer Person"
"v16_252","2","Person"
"v16_252","3","Person"
"v15_782","0","ArchitecturalStructure Building Location Place"
"v18_914","0","Ship Locomotive Aircraft MeanOfTransportation Automobile MilitaryVehicle"
"v16_395","0","Infrastructure Airport Place Location ArchitecturalStructure"
"v16_395","1","City Location Place PopulatedPlace Settlement"
"v16_370","0","Actor AdultActor Person Artist"
"v16_370","1","Actor AdultActor Person Artist"
"v17_925","0","Ligament AnatomicalStructure"
"v18_726","0","ArchitecturalStructure Building Location Place"
"v18_921","0","Ship Locomotive Aircraft MeanOfTransportation Automobile MilitaryVehicle"
"v15_561","0","Ship Locomotive Aircraft MeanOfTransportation Automobile MilitaryVehicle"
"v17_832","0","ArchitecturalStructure Building Location Place"
"v17_832","1","Architect Person"
"v16_451","0","Work TelevisionShow"
"v16_451","1","Work TelevisionShow"
"v16_451","2","Person"
"v17_48","0","Person CollegeCoach Coach"
"v17_453","0","GridironFootballPlayer Person AmericanFootballPlayer Athlete"
"v17_953","0","Mammal Animal Horse Eukaryote RaceHorse Species"
"v17_953","1","Person"
"v17_953","2","Mammal Animal Horse Eukaryote RaceHorse Species"
"v17_953","3","Mammal Animal Horse Eukaryote RaceHorse Species"
"v17_953","4","Mammal Animal Horse Eukaryote RaceHorse Species"
"v16_371","0","Ship Locomotive Aircraft MeanOfTransportation Automobile MilitaryVehicle"
"v16_246","1","Writer Person"
"v16_246","2","Person"
"v16_246","3","Person"
"v18_761","0","ArchitecturalStructure Building Location Place"
"v17_585","0","BaseballPlayer Person Athlete"
"v17_585","1","SportsTeam Organisation BaseballTeam"
"v17_585","2","City Location Place PopulatedPlace Settlement"
"v15_422","0","GridironFootballPlayer Person AmericanFootballPlayer Athlete"
"v15_422","1","AmericanFootballTeam SportsTeam Organisation"
"v15_422","2","City Location Place PopulatedPlace Settlement"
"v16_250","1","Writer Person"
"v16_250","2","Person"
"v16_250","3","Person"
"v18_36","0","Colour"
"v18_460","0","GridironFootballPlayer Person AmericanFootballPlayer Athlete"
"v16_617","0","BaseballPlayer Person Athlete"
"v16_617","1","SportsTeam Organisation BaseballTeam"
"v18_495","0","AnatomicalStructure"
"v18_495","1","Embryology AnatomicalStructure"
"v18_776","0","ArchitecturalStructure Building Location Place"
"v18_208","0","WinterSportPlayer FigureSkater Person Athlete"
"v18_208","1","WinterSportPlayer FigureSkater Person Athlete"
"v17_462","0","GridironFootballPlayer Person AmericanFootballPlayer Athlete"
"v15_446","0","GridironFootballPlayer Person AmericanFootballPlayer Athlete"
"v15_446","1","AmericanFootballTeam SportsTeam Organisation"
"v16_280","1","Person"
"v16_280","2","Person"
"v18_757","0","ArchitecturalStructure Building Location Place"
"v15_789","0","ArchitecturalStructure Building Location Place"
"v17_1","0","Person Cleric"
"v17_1","1","Person"
"v17_1","2","City Location Place PopulatedPlace Settlement"
"v15_945","0","SocietalEvent Event MilitaryConflict PenaltyShootOut"
"v15_945","1","SocietalEvent Event MilitaryConflict PenaltyShootOut"
"v15_945","2","Country Place PopulatedPlace Location"
"v18_464","0","GridironFootballPlayer Person AmericanFootballPlayer Athlete"
"v15_379","0","Work TelevisionShow"
"v15_379","1","Person"
"v15_379","2","MusicalArtist Artist Person"
"v15_371","0","Work TelevisionShow"
"v15_371","1","Person"
"v15_371","2","MusicalArtist Artist Person"
"v15_428","0","GridironFootballPlayer Person AmericanFootballPlayer Athlete"
"v15_428","1","AmericanFootballTeam SportsTeam Organisation"
"v15_428","2","City Location Place PopulatedPlace Settlement"
"v16_48","0","Person CollegeCoach Coach"
"v16_634","0","BasketballPlayer Person Athlete"
"v16_634","1","University College Organisation EducationalInstitution"
"v16_634","2","BasketballTeam SportsTeam Organisation"
"v15_631","0","Protein Biomolecule"
"v15_700","0","BritishRoyalty Person Baronet Royalty"
"v17_357","0","Ship Locomotive Aircraft MeanOfTransportation Automobile MilitaryVehicle"
"v18_931","0","Ship Locomotive Aircraft MeanOfTransportation Automobile MilitaryVehicle"
"v18_591","0","BritishRoyalty Person Baronet Royalty"
"v18_494","0","Vein AnatomicalStructure"
"v18_494","1","AnatomicalStructure Artery"
"v18_494","2","AnatomicalStructure"
"v18_494","3","Vein AnatomicalStructure"
"v16_292","0","MotorsportRacer Person RacingDriver FormulaOneRacer Athlete"
"v17_510","0","Mammal Animal Horse Eukaryote RaceHorse Species"
"v17_510","1","Mammal Animal Horse Eukaryote RaceHorse Species"
"v17_510","2","Mammal Animal Horse Eukaryote RaceHorse Species"
"v17_510","3","Mammal Animal Horse Eukaryote RaceHorse Species"
"v17_359","0","Ship Locomotive Aircraft MeanOfTransportation Automobile MilitaryVehicle"
"v16_363","0","Person"
"v16_363","1","Person"
"v16_363","2","City Location Place PopulatedPlace Settlement"
"v16_363","3","City Location Place PopulatedPlace Settlement"
"v16_294","0","MotorsportRacer Person RacingDriver FormulaOneRacer Athlete"
"v15_816","0","Person WinterSportPlayer IceHockeyPlayer Athlete"
"v17_456","0","GridironFootballPlayer Person AmericanFootballPlayer Athlete"
"v17_195","0","FictionalCharacter Person"
"v15_826","0","MusicalArtist Instrumentalist Artist Person Guitarist"
"v15_826","1","Place Location Settlement PopulatedPlace"
"v18_468","0","GridironFootballPlayer Person AmericanFootballPlayer Athlete"
"v15_256","0","Event GrandPrix SportsEvent SocietalEvent PenaltyShootOut"
"v15_256","1","Company Organisation"
"v15_256","2","MotorsportRacer Person RacingDriver FormulaOneRacer Athlete"
"v16_59","0","Colour"
"v15_381","0","Work TelevisionShow"
"v15_381","1","Person"
"v15_381","2","MusicalArtist Artist Person"
"v18_759","0","Building Location Place ArchitecturalStructure HistoricBuilding HistoricPlace"
"v17_405","0","Single MusicalWork Work"
"v17_405","1","MusicalArtist Artist Person"
"v17_405","2","MusicalArtist Artist Person"
"v16_379","0","Ship Locomotive Aircraft MeanOfTransportation Automobile MilitaryVehicle"
"v18_130","0","Cyclist Person Athlete"
"v18_130","1","SportsTeam Organisation CyclingTeam"
"v17_859","0","Mammal Animal Horse Eukaryote RaceHorse Species"
"v17_859","1","Mammal Animal Horse Eukaryote RaceHorse Species"
"v17_859","2","Mammal Animal Horse Eukaryote RaceHorse Species"
"v17_859","3","Mammal Animal Horse Eukaryote RaceHorse Species"
"v18_758","0","ArchitecturalStructure Building Location Place"
"v18_915","0","Ship Locomotive Aircraft MeanOfTransportation Automobile MilitaryVehicle"
"v15_40","0","Colour"
"v15_37","0","Colour"
"v18_205","0","WinterSportPlayer FigureSkater Person Athlete"
"v18_205","1","WinterSportPlayer FigureSkater Person Athlete"
"v15_883","0","WrittenWork Magazine PeriodicalLiterature Work"
"v15_883","1","Company Organisation"
"v17_835","0","ArchitecturalStructure Building Location Place"
"v17_835","1","Architect Person"
"v17_844","0","ArchitecturalStructure Building Location Place"
"v17_844","1","Architect Person"
"v15_522","0","AnatomicalStructure Artery"
"v15_522","1","AnatomicalStructure Artery"
"v15_522","2","AnatomicalStructure Artery"
"v16_600","0","Ship Locomotive Aircraft MeanOfTransportation Automobile MilitaryVehicle"
"v15_183","0","Single MusicalWork Work"
"v15_183","1","MusicalArtist Artist Person"
"v15_183","2","MusicalArtist Artist Person"
"v15_183","3","Single MusicalWork Work"
"v17_75","0","Politician Person Congressman"
"v17_75","1","Location Place Region PopulatedPlace AdministrativeRegion"
"v17_75","2","Politician Person Congressman"
"v15_787","0","ArchitecturalStructure Building Location Place"
"v15_560","0","Ship Locomotive Aircraft MeanOfTransportation Automobile MilitaryVehicle"
"v16_563","0","Person"
"v16_563","1","City Location Place PopulatedPlace Settlement"
"v16_563","2","Person"
"v15_771","0","ArchitecturalStructure Building Location Place"
"v15_771","1","Architect Person"
"v15_771","2","City Location Place PopulatedPlace Settlement"
"v18_923","0","Ship Locomotive Aircraft MeanOfTransportation Automobile MilitaryVehicle"
"v18_457","0","GridironFootballPlayer Person AmericanFootballPlayer Athlete"
"v17_108","0","Curler WinterSportPlayer Person Athlete"
"v17_108","1","City Location Place PopulatedPlace Settlement"
"v15_589","0","BaseballPlayer Person Athlete"
"v15_589","1","SportsTeam Organisation BaseballTeam"
"v15_589","2","City Location Place PopulatedPlace Settlement"
"v16_968","0","MemberOfParliament Politician Person"
"v16_968","1","OfficeHolder Person"
"v16_968","2","City Location Place PopulatedPlace Settlement"
"v15_375","0","Work TelevisionShow"
"v15_375","1","Person"
"v15_375","2","MusicalArtist Artist Person"
"v15_854","0","Ligament AnatomicalStructure"
"v18_727","0","ArchitecturalStructure Building Location Place"
"v15_86","0","Curler WinterSportPlayer Person Athlete"
"v15_86","1","City Location Place PopulatedPlace Settlement"
"v15_86","2","City Location Place PopulatedPlace Settlement"
"v15_434","0","GridironFootballPlayer Person AmericanFootballPlayer Athlete"
"v15_434","1","AmericanFootballTeam SportsTeam Organisation"
"v15_434","2","City Location Place PopulatedPlace Settlement"
"v17_947","0","Ship Locomotive Aircraft MeanOfTransportation Automobile MilitaryVehicle"
"v15_788","0","ArchitecturalStructure Building Location Place"
"v17_406","0","Single MusicalWork Work"
"v17_406","1","MusicalArtist Artist Person"
"v17_406","2","MusicalArtist Artist Person"
"v18_767","0","ArchitecturalStructure Building Location Place"
"v15_638","0","Protein Biomolecule"
"v16_442","0","Single MusicalWork Work"
"v16_442","1","MusicalArtist Artist Person"
"v16_442","2","MusicalArtist Artist Person"
"v16_442","3","Band Organisation Group"
"v16_442","4","Single MusicalWork Work"
"v18_736","0","ArchitecturalStructure Building Location Place"
"v15_132","0","Embryology AnatomicalStructure"
"v15_132","1","Embryology AnatomicalStructure"
"v16_139","0","Curler WinterSportPlayer Person Athlete"
"v16_139","1","City Location Place PopulatedPlace Settlement"
"v18_454","0","GridironFootballPlayer Person AmericanFootballPlayer Athlete"
"v18_204","0","WinterSportPlayer FigureSkater Person Athlete"
"v18_204","1","WinterSportPlayer FigureSkater Person Athlete"
"v18_204","2","WinterSportPlayer FigureSkater Person Athlete"
"v18_204","3","WinterSportPlayer FigureSkater Person Athlete"
"v15_853","0","Ligament AnatomicalStructure"
"v16_291","0","Food"
"v16_291","1","EthnicGroup"
"v17_837","0","ArchitecturalStructure Building Location Place"
"v17_837","1","Architect Person"
"v17_488","0","AnatomicalStructure"
"v17_488","1","Embryology AnatomicalStructure"
"v17_488","2","AnatomicalStructure Artery"
"v17_848","0","ArchitecturalStructure Building Location Place"
"v17_848","1","Architect Person"
"v15_483","0","AnatomicalStructure Artery"
"v15_483","1","AnatomicalStructure Artery"
"v18_455","0","GridironFootballPlayer Person AmericanFootballPlayer Athlete"
"v18_764","0","ArchitecturalStructure Building Location Place"
"v15_45","0","Comedian Artist Person"
"v15_45","1","City Location Place PopulatedPlace Settlement"
"v17_194","0","FictionalCharacter Person"
"v17_926","0","Ligament AnatomicalStructure"
"v18_279","0","MotorsportRacer Person RacingDriver FormulaOneRacer Athlete"
"v18_788","0","HorseTrainer Person"
"v18_788","1","Country Place PopulatedPlace Location"
"v16_140","0","Curler WinterSportPlayer Person Athlete"
"v16_140","1","City Location Place PopulatedPlace Settlement"
"v16_733","0","BritishRoyalty Person Baronet Royalty"
"v16_117","0","Cricketer Person Athlete"
"v17_399","0","Single MusicalWork Work"
"v17_399","1","MusicalArtist Artist Person"
"v17_399","2","MusicalArtist Artist Person"
"v18_264","1","Writer Person"
"v18_264","2","Person"
"v16_296","0","MotorsportRacer Person RacingDriver FormulaOneRacer Athlete"
"v18_538","0","AnatomicalStructure Artery"
"v18_538","1","AnatomicalStructure Artery"
"v18_739","0","Building Location Place ArchitecturalStructure HistoricBuilding HistoricPlace"
"v15_912","0","Mammal Animal Horse Eukaryote RaceHorse Species"
"v15_912","1","Person"
"v15_912","2","Mammal Animal Horse Eukaryote RaceHorse Species"
"v15_912","3","Mammal Animal Horse Eukaryote RaceHorse Species"
"v15_912","4","Mammal Animal Horse Eukaryote RaceHorse Species"
"v15_880","0","Lymph AnatomicalStructure"
"v15_880","1","Lymph AnatomicalStructure"
"v16_151","0","Cyclist Person Athlete"
"v16_151","1","SportsTeam Organisation CyclingTeam"
"v18_933","0","Ship Locomotive Aircraft MeanOfTransportation Automobile MilitaryVehicle"
"v17_56","0","Person CollegeCoach Coach"
"v17_56","1","City Location Place PopulatedPlace Settlement"
"v18_536","0","AnatomicalStructure Artery"
"v18_536","1","AnatomicalStructure Artery"
"v16_112","0","Cricketer Person Athlete"
"v15_563","0","Ship Locomotive Aircraft MeanOfTransportation Automobile MilitaryVehicle"
"v18_773","0","ArchitecturalStructure Building Location Place"
"v18_207","0","WinterSportPlayer FigureSkater Person Athlete"
"v18_207","1","WinterSportPlayer FigureSkater Person Athlete"
"v15_206","0","Food"
"v15_206","1","Place Location Settlement PopulatedPlace"
"v17_240","0","Food"
"v17_240","1","Place Location Settlement PopulatedPlace"
"v18_651","0","BritishRoyalty Person Baronet Royalty"
"v15_38","0","Colour"
"v15_327","0","Actor AdultActor Person Artist"
"v15_327","1","EthnicGroup"
"v17_948","0","Lymph AnatomicalStructure"
"v17_948","1","Lymph AnatomicalStructure"
"v18_756","0","ArchitecturalStructure Building Location Place"
"v18_756","1","Architect Person"
"v18_756","2","GovernmentAgency Organisation"
"v15_175","0","Work TelevisionShow"
"v15_175","1","Person"
"v15_175","2","Person"
"v16_346","0","Event GrandPrix SportsEvent SocietalEvent PenaltyShootOut"
"v16_346","1","Company Organisation"
"v16_346","2","Person"
"v16_346","3","Company Organisation"
"v15_575","0","BritishRoyalty Person Baronet Royalty"
"v16_513","0","AnatomicalStructure"
"v16_513","1","AnatomicalStructure Artery"
"v16_513","2","Lymph AnatomicalStructure"
"v16_513","3","Embryology AnatomicalStructure"
"v18_274","0","MotorsportRacer Person RacingDriver FormulaOneRacer Athlete"
"v18_725","0","Building Location Place ArchitecturalStructure HistoricBuilding HistoricPlace"
"v16_352","0","GridironFootballPlayer Person AmericanFootballPlayer Athlete"
"v17_863","0","HorseTrainer Person"
"v18_723","0","ArchitecturalStructure Building Location Place"
"v18_928","0","Ship Locomotive Aircraft MeanOfTransportation Automobile MilitaryVehicle"
"v17_448","0","GridironFootballPlayer Person AmericanFootballPlayer Athlete"
"v18_387","0","Person"
"v18_387","1","Person"
"v18_387","2","Person"
"v16_653","0","Protein Biomolecule"
"v17_690","0","Boxer Person Athlete"
"v17_690","1","City Location Place PopulatedPlace Settlement"
"v17_690","2","City Location Place PopulatedPlace Settlement"
"v16_833","0","ArchitecturalStructure Building Location Place"
"v16_833","1","GovernmentAgency Organisation"
"v16_833","2","City Location Place PopulatedPlace Settlement"
"v18_498","0","AnatomicalStructure"
"v18_498","1","Nerve AnatomicalStructure"
"v18_498","2","Lymph AnatomicalStructure"
"v16_601","0","Ship Locomotive Aircraft MeanOfTransportation Automobile MilitaryVehicle"
"v15_154","0","WinterSportPlayer FigureSkater Person Athlete"
"v15_154","1","WinterSportPlayer FigureSkater Person Athlete"
"v15_154","2","WinterSportPlayer FigureSkater Person Athlete"
"v15_154","3","WinterSportPlayer FigureSkater Person Athlete"
"v17_358","0","Ship Locomotive Aircraft MeanOfTransportation Automobile MilitaryVehicle"
"v18_250","1","Writer Person"
"v18_250","2","Person"
"v16_512","0","AnatomicalStructure"
"v16_512","1","Vein AnatomicalStructure"
"v16_512","2","Nerve AnatomicalStructure"
"v18_461","0","GridironFootballPlayer Person AmericanFootballPlayer Athlete"
"v18_613","0","Protein Biomolecule"
"v16_969","0","MemberOfParliament Politician Person"
"v16_969","1","MemberOfParliament Politician Person"
"v16_969","2","Place Location Settlement PopulatedPlace"
"v15_490","0","Mammal Animal Horse Eukaryote RaceHorse Species"
"v15_490","1","Mammal Animal Horse Eukaryote RaceHorse Species"
"v15_490","2","Mammal Animal Horse Eukaryote RaceHorse Species"
"v17_323","0","Person"
"v17_323","1","Person"
"v17_323","2","City Location Place PopulatedPlace Settlement"
"v17_323","3","Person"
"v16_63","0","Colour"
"v16_514","0","Mammal Animal Horse Eukaryote RaceHorse Species"
"v16_514","1","Mammal Animal Horse Eukaryote RaceHorse Species"
"v16_514","2","Mammal Animal Horse Eukaryote RaceHorse Species"
"v16_514","3","Person"
"v15_808","0","Building Location Place Hotel ArchitecturalStructure"
"v15_808","1","Company Organisation"
"v18_497","0","AnatomicalStructure Artery"
"v18_497","1","AnatomicalStructure Artery"
"v18_497","2","Vein AnatomicalStructure"
"v16_221","0","FictionalCharacter Person"
"v16_221","1","FictionalCharacter Person"
"v16_221","2","City Location Place PopulatedPlace Settlement"
"v16_660","0","Protein Biomolecule"
"v16_598","0","Ship Locomotive Aircraft MeanOfTransportation Automobile MilitaryVehicle"
"v16_918","0","Lymph AnatomicalStructure"
"v16_918","1","Lymph AnatomicalStructure"
"v18_860","0","Lymph AnatomicalStructure"
"v18_860","1","Lymph AnatomicalStructure"
"v17_49","0","Person CollegeCoach Coach"
"v16_56","0","Colour"
"v18_925","0","Ship Locomotive Aircraft MeanOfTransportation Automobile MilitaryVehicle"
"v15_41","0","Colour"
"v15_88","0","Curler WinterSportPlayer Person Athlete"
"v15_88","1","Place Location Settlement PopulatedPlace"
"v15_168","0","Work TelevisionShow"
"v15_168","1","Person"
"v15_168","2","Person"
"v18_277","0","MotorsportRacer Person RacingDriver FormulaOneRacer Athlete"
"v17_461","0","GridironFootballPlayer Person AmericanFootballPlayer Athlete"
"v17_344","0","Ship Locomotive Aircraft MeanOfTransportation Automobile MilitaryVehicle"
"v17_77","0","Politician Person Congressman"
"v17_77","1","City Location Place PopulatedPlace Settlement"
"v17_77","2","Location Town Place PopulatedPlace Settlement"
"v17_77","3","OfficeHolder Person"
"v16_742","0","RadioStation Broadcaster Organisation"
"v16_742","1","Broadcaster BroadcastNetwork Organisation"
"v15_685","0","AnatomicalStructure Brain"
"v15_533","0","Person"
"v15_533","1","Person"
"v15_533","2","Company Organisation"
"v18_930","0","Ship Locomotive Aircraft MeanOfTransportation Automobile MilitaryVehicle"
"v16_62","0","Colour"
"v16_154","0","Cyclist Person Athlete"
"v16_154","1","SportsTeam Organisation CyclingTeam"
"v15_31","0","University College Organisation EducationalInstitution"
"v15_31","1","Scientist Person"
"v18_580","0","AutomobileEngine Engine Device"
"v18_916","0","Ship Locomotive Aircraft MeanOfTransportation Automobile MilitaryVehicle"
"v16_952","0","Person MartialArtist Athlete"
"v16_952","1","City Location Place PopulatedPlace Settlement"
"v16_952","2","Person MartialArtist Athlete"
"v15_36","0","Person CollegeCoach Coach"
"v17_535","0","AnatomicalStructure Artery"
"v17_535","1","AnatomicalStructure Artery"
"v17_535","2","Vein AnatomicalStructure"
"v17_535","3","AnatomicalStructure Artery"
"v18_738","0","ArchitecturalStructure Building Location Place"
"v16_108","0","Cricketer Person Athlete"
"v18_652","0","BritishRoyalty Person Baronet Royalty"
"v16_521","0","Mammal Animal Horse Eukaryote RaceHorse Species"
"v16_521","1","Mammal Animal Horse Eukaryote RaceHorse Species"
"v16_521","2","Mammal Animal Horse Eukaryote RaceHorse Species"
"v16_521","3","Company Organisation"
"v16_293","0","MotorsportRacer Person RacingDriver FormulaOneRacer Athlete"
"v16_295","0","MotorsportRacer Person RacingDriver FormulaOneRacer Athlete"
"v18_280","0","MotorsportRacer Person RacingDriver FormulaOneRacer Athlete"
"v15_810","0","Building Location Place Hotel ArchitecturalStructure"
"v15_810","1","Company Organisation"
"v15_933","0","MemberOfParliament Politician Person"
"v15_933","1","MemberOfParliament Politician Person"
"v16_225","0","WinterSportPlayer FigureSkater Person Athlete"
"v16_225","1","WinterSportPlayer FigureSkater Person Athlete"
"v16_225","2","WinterSportPlayer FigureSkater Person Athlete"
"v16_225","3","WinterSportPlayer FigureSkater Person Athlete"
"v17_463","0","GridironFootballPlayer Person AmericanFootballPlayer Athlete"
"v17_463","1","SportsTeam Organisation"
"v17_463","2","City Location Place PopulatedPlace Settlement"
"v16_629","0","BaseballPlayer Person Athlete"
"v16_629","1","SportsTeam Organisation BaseballTeam"
"v16_133","0","Curler WinterSportPlayer Person Athlete"
"v16_133","1","Place Location Settlement PopulatedPlace"
"v16_133","2","Place Location Settlement PopulatedPlace"
"v17_864","0","HorseTrainer Person"
"v15_633","0","Protein Biomolecule"
"v15_851","0","Organisation Legislature"
"v15_851","1","PoliticalParty Organisation"
"v15_521","0","AnatomicalStructure Artery"
"v15_521","1","AnatomicalStructure"
"v15_521","2","Vein AnatomicalStructure"
"v16_251","1","Writer Person"
"v16_251","2","Person"
"v16_251","3","Person"
"v16_54","0","Colour"
"v15_44","0","Comedian Artist Person"
"v15_44","1","City Location Place PopulatedPlace Settlement"
"v16_612","0","BritishRoyalty Person Baronet Royalty"
"v18_918","0","Ship Locomotive Aircraft MeanOfTransportation Automobile MilitaryVehicle"
"v16_967","0","MemberOfParliament Politician Person"
"v16_967","1","OfficeHolder Person"
"v16_967","2","City Location Place PopulatedPlace Settlement"
"v15_557","0","Ship Locomotive Aircraft MeanOfTransportation Automobile MilitaryVehicle"
"v17_951","0","WrittenWork Magazine PeriodicalLiterature Work"
"v17_951","1","Person"
"v16_843","0","Building Location Place Hotel ArchitecturalStructure"
"v16_843","1","Company Organisation"
"v16_843","2","Architect Person"
"v17_60","0","Colour"
"v18_180","0","Person Engineer"
"v18_180","1","Person Engineer"
"v18_180","2","Place Location Settlement PopulatedPlace"
"v15_913","0","Mammal Animal Horse Eukaryote RaceHorse Species"
"v15_913","1","Company Organisation"
"v15_913","2","Mammal Animal Horse Eukaryote RaceHorse Species"
"v15_913","3","Mammal Animal Horse Eukaryote RaceHorse Species"
"v15_913","4","Mammal Animal Horse Eukaryote RaceHorse Species"
"v15_639","0","Protein Biomolecule"
"v16_613","0","BritishRoyalty Person Baronet Royalty"
"v16_554","0","AnatomicalStructure Artery"
"v16_554","1","AnatomicalStructure Artery"
"v16_554","2","Vein AnatomicalStructure"
"v16_554","3","AnatomicalStructure Artery"
"v17_720","0","BritishRoyalty Person Baronet Royalty"
"v18_747","0","Organisation School EducationalInstitution"
"v18_747","1","City Location Place PopulatedPlace Settlement"
"v18_747","2","City Location Place PopulatedPlace Settlement"
"v18_596","0","BaseballPlayer Person Athlete"
"v17_995","0","MemberOfParliament Politician Person"
"v17_995","1","City Location Place PopulatedPlace Settlement"
"v17_995","2","City Location Place PopulatedPlace Settlement"
"v17_995","3","City Location Place PopulatedPlace Settlement"
"v17_193","0","FictionalCharacter Person"
"v17_193","1","FictionalCharacter Person"
"v17_193","2","Country Place PopulatedPlace Location"
"v17_193","3","FictionalCharacter Person"
"v15_935","0","MemberOfParliament Politician Person"
"v15_935","1","MemberOfParliament Politician Person"
"v15_78","0","SoccerPlayer Person Athlete"
"v15_78","1","SportsTeam SoccerClub Organisation"
"v15_78","2","City Location Place PopulatedPlace Settlement"
"v16_602","0","AutomobileEngine Engine Device"
"v18_850","0","Ligament AnatomicalStructure"
"v16_731","0","BritishRoyalty Person Baronet Royalty"
"v16_52","0","Person CollegeCoach Coach"
"v15_849","0","Organisation Legislature"
"v15_849","1","PoliticalParty Organisation"
"v18_194","0","Artist Person FashionDesigner"
"v17_347","0","Ship Locomotive Aircraft MeanOfTransportation Automobile MilitaryVehicle"
"v18_209","0","WinterSportPlayer FigureSkater Person Athlete"
"v18_209","1","WinterSportPlayer FigureSkater Person Athlete"
"v15_491","0","Mammal Animal Horse Eukaryote RaceHorse Species"
"v15_491","1","Mammal Animal Horse Eukaryote RaceHorse Species"
"v15_491","2","Mammal Animal Horse Eukaryote RaceHorse Species"
"v15_47","0","Comedian Artist Person"
"v15_47","1","City Location Place PopulatedPlace Settlement"
"v15_779","0","Building Location Place ArchitecturalStructure HistoricBuilding HistoricPlace"
"v15_779","1","Place Location Settlement PopulatedPlace"
"v15_779","2","Place Location Settlement PopulatedPlace"
"v15_779","3","Place Location Settlement PopulatedPlace"
"v18_276","0","MotorsportRacer Person RacingDriver FormulaOneRacer Athlete"
"v17_54","0","Person CollegeCoach Coach"
"v17_54","1","City Location Place PopulatedPlace Settlement"
"v18_611","0","BeautyQueen Person"
"v18_611","1","Country Place PopulatedPlace Location"
"v18_519","0","Mammal Animal Horse Eukaryote RaceHorse Species"
"v18_519","1","Company Organisation"
"v18_519","2","Mammal Animal Horse Eukaryote RaceHorse Species"
"v18_519","3","Mammal Animal Horse Eukaryote RaceHorse Species"
"v15_89","0","Curler WinterSportPlayer Person Athlete"
"v15_89","1","City Location Place PopulatedPlace Settlement"
"v17_303","0","GridironFootballPlayer Person AmericanFootballPlayer Athlete"
"v17_303","1","SportsTeam Organisation"
"v18_859","0","Lymph AnatomicalStructure"
"v18_859","1","Lymph AnatomicalStructure"
"v16_917","0","Lymph AnatomicalStructure"
"v16_917","1","Lymph AnatomicalStructure"
"v18_37","0","Colour"
"v16_921","0","WrittenWork Magazine PeriodicalLiterature Work"
"v16_921","1","Writer Person"
"v17_889","0","Jockey Person Athlete"
"v17_889","1","Place Location Settlement PopulatedPlace"
"v16_297","0","MotorsportRacer Person RacingDriver FormulaOneRacer Athlete"
"v17_196","0","FictionalCharacter Person"
"v17_196","1","FictionalCharacter Person"
"v17_196","2","City Location Place PopulatedPlace Settlement"
"v17_852","0","Organisation School EducationalInstitution"
"v17_852","1","City Location Place PopulatedPlace Settlement"
"v17_852","2","City Location Place PopulatedPlace Settlement"
"v17_852","3","City Location Place PopulatedPlace Settlement"
"v18_909","0","ArchitecturalStructure Building Location Place"
"v18_909","1","Location Place Region PopulatedPlace AdministrativeRegion"
"v18_909","2","Location Place Region PopulatedPlace AdministrativeRegion"
"v18_909","3","Location Place Region PopulatedPlace AdministrativeRegion"
"v15_540","0","Person"
"v15_540","1","City Location Place PopulatedPlace Settlement"
"v15_167","0","Work TelevisionShow"
"v15_167","1","Person"
"v15_167","2","Person"
"v15_449","0","GridironFootballPlayer Person AmericanFootballPlayer Athlete"
"v15_449","1","AmericanFootballTeam SportsTeam Organisation"
"v17_198","0","WinterSportPlayer FigureSkater Person Athlete"
"v17_198","1","WinterSportPlayer FigureSkater Person Athlete"
"v17_198","2","WinterSportPlayer FigureSkater Person Athlete"
"v17_198","3","Place Location Settlement PopulatedPlace"
"v17_198","4","WinterSportPlayer FigureSkater Person Athlete"
"v17_198","5","WinterSportPlayer FigureSkater Person Athlete"
"v17_250","0","Athlete Person GaelicGamesPlayer"
"v17_250","1","Location Town Place PopulatedPlace Settlement"
"v17_250","2","Location Town Place PopulatedPlace Settlement"
"v17_325","0","Person"
"v17_325","1","Person"
"v17_325","2","City Location Place PopulatedPlace Settlement"
"v17_325","3","Person"
"v18_592","0","BritishRoyalty Person Baronet Royalty"
"v16_834","0","ArchitecturalStructure Building Location Place"
"v16_834","1","Person"
"v16_834","2","City Location Place PopulatedPlace Settlement"
"v18_746","0","Organisation School EducationalInstitution"
"v18_746","1","Place Location Settlement PopulatedPlace"
"v18_746","2","Place Location Settlement PopulatedPlace"
"v15_493","0","Mammal Animal Horse Eukaryote RaceHorse Species"
"v15_493","1","Mammal Animal Horse Eukaryote RaceHorse Species"
"v15_493","2","Mammal Animal Horse Eukaryote RaceHorse Species"
"v18_34","0","Person CollegeCoach Coach"
"v18_34","1","SportsTeam Organisation"
"v16_347","0","Event GrandPrix SportsEvent SocietalEvent PenaltyShootOut"
"v16_347","1","Company Organisation"
"v16_347","2","Person"
"v16_347","3","Company Organisation"
"v17_557","0","AutomobileEngine Engine Device"
"v17_544","0","Person"
"v17_544","1","City Location Place PopulatedPlace Settlement"
"v18_65","0","Politician Person Congressman"
"v18_65","1","OfficeHolder Person"
"v18_65","2","City Location Place PopulatedPlace Settlement"
"v17_230","0","Work TelevisionShow"
"v17_230","1","Work TelevisionShow"
"v17_230","2","MusicalArtist Artist Person"
"v17_230","3","Person"
"v17_489","0","AnatomicalStructure Artery"
"v17_489","1","Vein AnatomicalStructure"
"v16_66","0","Comedian Artist Person"
"v16_66","1","Person"
"v16_66","2","EthnicGroup"
"v18_900","0","MilitaryPerson Person"
"v18_900","1","MilitaryPerson Person"
"v16_594","0","AustralianRulesFootballPlayer Person Athlete"
"v16_594","1","Place Location Settlement PopulatedPlace"
"v16_710","0","Boxer Person Athlete"
"v16_710","1","Country Place PopulatedPlace Location"
"v16_710","2","Place Location Settlement PopulatedPlace"
"v16_659","0","Protein Biomolecule"
"v15_809","0","Building Location Place Hotel ArchitecturalStructure"
"v15_809","1","Company Organisation"
"v16_838","0","Mammal Animal Horse Eukaryote RaceHorse Species"
"v16_838","1","Mammal Animal Horse Eukaryote RaceHorse Species"
"v16_838","2","Mammal Animal Horse Eukaryote RaceHorse Species"
"v16_838","3","Mammal Animal Horse Eukaryote RaceHorse Species"
"v16_838","4","Company Organisation"
"v16_838","5","Mammal Animal Horse Eukaryote RaceHorse Species"
"v18_275","0","MotorsportRacer Person RacingDriver FormulaOneRacer Athlete"
"v17_192","0","FictionalCharacter Person"
"v17_192","1","FictionalCharacter Person"
"v17_192","2","Country Place PopulatedPlace Location"
"v17_192","3","FictionalCharacter Person"
"v17_894","0","Person Journalist"
"v17_894","1","City Location Place PopulatedPlace Settlement"
"v17_894","2","City Location Place PopulatedPlace Settlement"
"v16_127","0","Person Criminal"
"v15_686","0","AnatomicalStructure Brain"
"v15_686","1","AnatomicalStructure Artery"
"v18_131","0","Cyclist Person Athlete"
"v18_131","1","SportsTeam Organisation CyclingTeam"
"v18_86","0","Person Criminal"
"v18_292","0","Athlete Person GaelicGamesPlayer"
"v18_292","1","Location Town Place PopulatedPlace Settlement"
"v18_292","2","Place Location Settlement PopulatedPlace"
"v15_577","0","BritishRoyalty Person Baronet Royalty"
"v18_179","0","Embryology AnatomicalStructure"
"v15_151","0","FictionalCharacter Person"
"v15_151","1","FictionalCharacter Person"
"v15_151","2","City Location Place PopulatedPlace Settlement"
"v16_793","0","Person ChessPlayer Athlete"
"v16_793","1","City Location Place PopulatedPlace Settlement"
"v15_482","0","AnatomicalStructure Artery"
"v15_482","1","AnatomicalStructure Artery"
"v15_728","0","ArchitecturalStructure Building Location Place"
"v15_728","1","Location Place Region PopulatedPlace AdministrativeRegion"
"v15_728","2","Location Place Region PopulatedPlace AdministrativeRegion"
"v15_728","3","Location Place Region PopulatedPlace AdministrativeRegion"
"v15_728","4","Location Place Region PopulatedPlace AdministrativeRegion"
"v16_208","0","Person Engineer"
"v16_208","1","Country Place PopulatedPlace Location"
"v16_208","2","Place Location Settlement PopulatedPlace"
"v17_570","0","BritishRoyalty Person Baronet Royalty"
"v15_701","0","BritishRoyalty Person Baronet Royalty"
"v17_276","0","Event GrandPrix SportsEvent SocietalEvent PenaltyShootOut"
"v17_276","1","Company Organisation"
"v17_276","2","Person"
"v17_276","3","Country Place PopulatedPlace Location"
"v17_276","4","Company Organisation"
"v15_153","0","WinterSportPlayer FigureSkater Person Athlete"
"v15_153","1","WinterSportPlayer FigureSkater Person Athlete"
"v15_153","2","WinterSportPlayer FigureSkater Person Athlete"
"v15_153","3","WinterSportPlayer FigureSkater Person Athlete"
"v18_937","0","Model Person"
"v16_953","0","Person MartialArtist Athlete"
"v16_953","1","City Location Place PopulatedPlace Settlement"
"v16_953","2","Person MartialArtist Athlete"
"v18_903","0","OfficeHolder Person"
"v18_787","0","HorseTrainer Person"
"v18_787","1","City Location Place PopulatedPlace Settlement"
"v18_463","0","GridironFootballPlayer Person AmericanFootballPlayer Athlete"
"v17_536","0","AnatomicalStructure Artery"
"v17_536","1","AnatomicalStructure"
"v16_57","0","Colour"
"v18_822","0","Person Journalist"
"v18_822","1","Location Place Region PopulatedPlace AdministrativeRegion"
"v15_565","0","AutomobileEngine Engine Device"
"v16_209","0","Person Engineer"
"v16_209","1","Organisation School EducationalInstitution"
"v16_209","2","Person Engineer"
"v16_126","0","Person Criminal"
"v17_490","0","AnatomicalStructure Artery"
"v17_490","1","Vein AnatomicalStructure"
"v16_559","0","Person"
"v16_559","1","City Location Place PopulatedPlace Settlement"
"v16_559","2","City Location Place PopulatedPlace Settlement"
"v16_559","3","Person"
"v18_496","0","AnatomicalStructure Artery"
"v18_496","1","AnatomicalStructure Artery"
"v18_496","2","Vein AnatomicalStructure"
"v18_99","0","Curler WinterSportPlayer Person Athlete"
"v18_99","1","Location Place Region PopulatedPlace AdministrativeRegion"
"v18_99","2","City Location Place PopulatedPlace Settlement"
"v18_278","0","MotorsportRacer Person RacingDriver FormulaOneRacer Athlete"
"v17_949","0","Lymph AnatomicalStructure"
"v17_949","1","Lymph AnatomicalStructure"
"v18_782","0","Mammal Animal Horse Eukaryote RaceHorse Species"
"v18_782","1","Mammal Animal Horse Eukaryote RaceHorse Species"
"v18_782","2","Mammal Animal Horse Eukaryote RaceHorse Species"
"v18_782","3","Mammal Animal Horse Eukaryote RaceHorse Species"
"v18_782","4","Person"
"v18_897","0","OfficeHolder Person"
"v18_897","1","MilitaryUnit Organisation"
"v18_897","2","OfficeHolder Person"
"v17_543","0","Person"
"v17_543","1","Place Location Settlement PopulatedPlace"
"v18_712","0","HandballPlayer Person Athlete"
"v18_712","1","SportsTeam Organisation HandballTeam"
"v18_712","2","EthnicGroup"
"v16_515","0","Mammal Animal Horse Eukaryote RaceHorse Species"
"v16_515","1","Mammal Animal Horse Eukaryote RaceHorse Species"
"v16_515","2","Mammal Animal Horse Eukaryote RaceHorse Species"
"v16_515","3","Person"
"v16_511","0","AnatomicalStructure"
"v16_511","1","Vein AnatomicalStructure"
"v16_511","2","Nerve AnatomicalStructure"
"v15_450","0","GridironFootballPlayer Person AmericanFootballPlayer Athlete"
"v15_450","1","AmericanFootballTeam SportsTeam Organisation"
"v18_41","0","Comedian Artist Person"
"v18_41","1","Person"
"v18_41","2","City Location Place PopulatedPlace Settlement"
"v18_41","3","Location Place Region PopulatedPlace AdministrativeRegion"
"v17_106","0","Curler WinterSportPlayer Person Athlete"
"v17_106","1","City Location Place PopulatedPlace Settlement"
"v17_106","2","Place Location Settlement PopulatedPlace"
"v15_630","0","BeautyQueen Person"
"v15_630","1","Country Place PopulatedPlace Location"
"v16_555","0","AnatomicalStructure Artery"
"v16_555","1","AnatomicalStructure"
"v16_348","0","Event GrandPrix SportsEvent SocietalEvent PenaltyShootOut"
"v16_348","1","Company Organisation"
"v16_348","2","Person"
"v16_348","3","Company Organisation"
"v16_156","0","Cyclist Person Athlete"
"v16_156","1","SportsTeam Organisation CyclingTeam"
"v15_162","0","Work TelevisionShow"
"v15_162","1","Person"
"v15_162","2","Person"
"v18_459","0","GridironFootballPlayer Person AmericanFootballPlayer Athlete"
"v18_744","0","ArchitecturalStructure Building Location Place"
"v18_744","1","City Location Place PopulatedPlace Settlement"
"v18_744","2","Company Organisation"
"v17_109","0","Curler WinterSportPlayer Person Athlete"
"v17_109","1","City Location Place PopulatedPlace Settlement"
"v16_50","0","Person CollegeCoach Coach"
"v17_487","0","AnatomicalStructure"
"v17_487","1","Embryology AnatomicalStructure"
"v17_487","2","AnatomicalStructure Artery"
"v18_83","0","SoccerPlayer Person Athlete"
"v18_83","1","SportsTeam SoccerClub Organisation"
"v18_83","2","City Location Place PopulatedPlace Settlement"
"v18_83","3","City Location Place PopulatedPlace Settlement"
"v15_485","0","AnatomicalStructure Artery"
"v15_485","1","Embryology AnatomicalStructure"
"v15_485","2","Vein AnatomicalStructure"
"v15_485","3","AnatomicalStructure Artery"
"v16_368","0","Actor AdultActor Person Artist"
"v16_368","1","EthnicGroup"
"v17_693","0","Boxer Person Athlete"
"v17_693","1","City Location Place PopulatedPlace Settlement"
"v17_693","2","City Location Place PopulatedPlace Settlement"
"v17_698","0","AnatomicalStructure Brain"
"v17_698","1","AnatomicalStructure Brain"
"v16_135","0","Curler WinterSportPlayer Person Athlete"
"v16_135","1","City Location Place PopulatedPlace Settlement"
"v16_135","2","City Location Place PopulatedPlace Settlement"
"v16_716","0","AnatomicalStructure Brain"
"v16_716","1","AnatomicalStructure Brain"
"v17_172","0","Embryology AnatomicalStructure"
"v15_807","0","Building Location Place Hotel ArchitecturalStructure"
"v15_807","1","Architect Person"
"v15_178","0","Work TelevisionShow"
"v15_178","1","Person"
"v15_178","2","Person"
"v18_789","0","HorseTrainer Person"
"v18_789","1","Country Place PopulatedPlace Location"
"v16_464","0","Work TelevisionShow"
"v16_464","1","Work TelevisionShow"
"v16_464","2","Person"
"v16_658","0","Protein Biomolecule"
"v16_714","0","AnatomicalStructure Brain"
"v17_865","0","HorseTrainer Person"
"v18_901","0","MilitaryPerson Person"
"v18_901","1","MilitaryPerson Person"
"v15_881","0","Lymph AnatomicalStructure"
"v15_881","1","Lymph AnatomicalStructure"
"v16_645","0","BeautyQueen Person"
"v16_645","1","City Location Place PopulatedPlace Settlement"
"v18_851","0","Ligament AnatomicalStructure"
"v15_875","0","Ship Locomotive Aircraft MeanOfTransportation Automobile MilitaryVehicle"
"v15_30","0","University College Organisation EducationalInstitution"
"v15_30","1","Scientist Person"
"v17_619","0","Protein Biomolecule"
"v17_76","0","Politician Person Congressman"
"v17_76","1","Location Place Region PopulatedPlace AdministrativeRegion"
"v17_76","2","OfficeHolder Person"
"v17_841","0","ArchitecturalStructure Building Location Place"
"v17_841","1","Architect Person"
"v16_920","0","WrittenWork Magazine PeriodicalLiterature Work"
"v16_920","1","Person"
"v15_632","0","Protein Biomolecule"
"v15_727","0","ArchitecturalStructure Building Location Place"
"v15_727","1","Location Place Region PopulatedPlace AdministrativeRegion"
"v15_727","2","Location Place Region PopulatedPlace AdministrativeRegion"
"v15_727","3","Location Place Region PopulatedPlace AdministrativeRegion"
"v15_727","4","Location Place Region PopulatedPlace AdministrativeRegion"
"v15_886","0","WrittenWork Magazine PeriodicalLiterature Work"
"v15_886","1","Company Organisation"
"v17_614","0","BeautyQueen Person"
"v17_895","0","Judge Person"
"v17_895","1","Person"
"v17_862","0","HorseTrainer Person"
"v15_721","0","Cardinal Cleric Person"
"v15_721","1","Person Royalty"
"v17_697","0","AnatomicalStructure Brain"
"v15_387","0","Work TelevisionShow"
"v15_387","1","Person"
"v15_387","2","MusicalArtist Artist Person"
"v17_696","0","AnatomicalStructure Brain"
"v15_155","0","WinterSportPlayer FigureSkater Person Athlete"
"v15_155","1","WinterSportPlayer FigureSkater Person Athlete"
"v15_155","2","WinterSportPlayer FigureSkater Person Athlete"
"v15_155","3","WinterSportPlayer FigureSkater Person Athlete"
"v17_324","0","Person"
"v17_324","1","Person"
"v17_324","2","City Location Place PopulatedPlace Settlement"
"v17_324","3","Person"
"v18_924","0","Ship Locomotive Aircraft MeanOfTransportation Automobile MilitaryVehicle"
"v17_88","0","City Location Place PopulatedPlace Settlement"
"v17_88","1","OfficeHolder Person"
"v16_49","0","Person CollegeCoach Coach"
"v18_273","0","MotorsportRacer Person RacingDriver FormulaOneRacer Athlete"
"v16_88","0","ComicsCreator Artist Person"
"v16_88","1","City Location Place PopulatedPlace Settlement"
"v16_88","2","Country Place PopulatedPlace Location"
"v16_88","3","City Location Place PopulatedPlace Settlement"
"v17_173","0","Embryology AnatomicalStructure"
"v17_173","1","Embryology AnatomicalStructure"
"v15_749","0","ArchitecturalStructure Building Location Place"
"v18_540","0","ArchitecturalStructure Building Location Place"
"v16_556","0","ArchitecturalStructure Building Location Place"
"v17_783","0","ArchitecturalStructure Building Location Place"
"v18_698","0","ArchitecturalStructure Building Location Place"
"v16_652","0","Protein Biomolecule"
"v16_732","0","BritishRoyalty Person Baronet Royalty"
"v17_177","0","Person Engineer"
"v17_177","1","PublicTransitSystem Organisation"
"v17_177","2","Person Engineer"
"v15_814","0","Person WinterSportPlayer IceHockeyPlayer Athlete"
"v17_339","0","Actor AdultActor Person Artist"
"v17_339","1","MusicalArtist Artist Person"
"v17_339","2","City Location Place PopulatedPlace Settlement"
"v18_245","0","TelevisionEpisode Work"
"v18_245","1","TelevisionEpisode Work"
"v18_245","2","MusicalArtist Artist Person"
"v18_245","3","Person"
"v15_938","0","MemberOfParliament Politician Person"
"v15_938","1","City Location Place PopulatedPlace Settlement"
"v15_938","2","City Location Place PopulatedPlace Settlement"
"v15_938","3","OfficeHolder Person"
"v16_125","0","SoccerPlayer Person Athlete"
"v16_125","1","SportsTeam SoccerClub Organisation"
"v16_125","2","City Location Place PopulatedPlace Settlement"
"v16_125","3","City Location Place PopulatedPlace Settlement"
"v18_858","0","Ship Locomotive Aircraft MeanOfTransportation Automobile MilitaryVehicle"
"v16_868","0","Person Journalist"
"v16_868","1","EthnicGroup"
"v16_868","2","City Location Place PopulatedPlace Settlement"
"v18_730","0","ArchitecturalStructure Building Location Place"
"v16_94","0","Politician Person Congressman"
"v16_94","1","OfficeHolder Person"
"v16_94","2","OfficeHolder Person"
"v16_94","3","Location Place Region PopulatedPlace AdministrativeRegion"
"v15_156","0","WinterSportPlayer FigureSkater Person Athlete"
"v15_156","1","City Location Place PopulatedPlace Settlement"
"v15_156","2","WinterSportPlayer FigureSkater Person Athlete"
"v15_156","3","City Location Place PopulatedPlace Settlement"
"v15_576","0","BritishRoyalty Person Baronet Royalty"
"v16_715","0","AnatomicalStructure Brain"
"v18_636","0","AnatomicalStructure Brain"
"v17_569","0","BritishRoyalty Person Baronet Royalty"
"v15_856","0","Ligament AnatomicalStructure"
"v18_615","0","Protein Biomolecule"
"v15_90","0","Curler WinterSportPlayer Person Athlete"
"v15_90","1","City Location Place PopulatedPlace Settlement"
"v18_282","0","MotorsportRacer Person RacingDriver FormulaOneRacer Athlete"
"v18_677","0","ArchitecturalStructure Building Location Place"
"v18_677","1","Location Place Region PopulatedPlace AdministrativeRegion"
"v18_677","2","Location Place Region PopulatedPlace AdministrativeRegion"
"v18_677","3","Location Place Region PopulatedPlace AdministrativeRegion"
"v17_950","0","WrittenWork Magazine PeriodicalLiterature Work"
"v17_950","1","Person"
"v16_871","0","Judge Person"
"v16_871","1","Judge Person"
"v15_1","0","Cleric Person ChristianBishop"
"v15_1","1","University College Organisation EducationalInstitution"
"v15_1","2","Politician Person"
"v15_1","3","Place Location Settlement PopulatedPlace"
"v15_1","4","City Location Place PopulatedPlace Settlement"
"v15_551","0","Ship Locomotive Aircraft MeanOfTransportation Automobile MilitaryVehicle"
"v18_87","0","Person Criminal"
"v18_87","1","Person Criminal"
"v18_87","2","Place Location Settlement PopulatedPlace"
"v16_335","0","Politician Person Governor"
"v16_335","1","Location Town Place PopulatedPlace Settlement"
"v16_335","2","Person"
"v16_335","3","MilitaryPerson Person"
"v17_620","0","Protein Biomolecule"
"v18_178","0","Embryology AnatomicalStructure"
"v18_178","1","Embryology AnatomicalStructure"
"v15_937","0","MemberOfParliament Politician Person"
"v15_937","1","OfficeHolder Person"
"v16_61","0","Colour"
"v15_570","0","Company Bank Organisation"
"v16_657","0","Protein Biomolecule"
"v15_936","0","MemberOfParliament Politician Person"
"v15_936","1","OfficeHolder Person"
"v15_150","0","FictionalCharacter Person"
"v15_150","1","FictionalCharacter Person"
"v15_150","2","FictionalCharacter Person"
"v15_150","3","Country Place PopulatedPlace Location"
"v16_203","0","Person Engineer"
"v16_203","1","EthnicGroup"
"v16_203","2","Place Location Settlement PopulatedPlace"
"v17_87","0","City Location Place PopulatedPlace Settlement"
"v17_87","1","OfficeHolder Person"
"v18_471","0","GridironFootballPlayer Person AmericanFootballPlayer Athlete"
"v17_927","0","Ligament AnatomicalStructure"
"v18_465","0","GridironFootballPlayer Person AmericanFootballPlayer Athlete"
"v15_378","0","Work TelevisionShow"
"v15_378","1","Person"
"v15_378","2","MusicalArtist Artist Person"
"v17_867","0","ArchitecturalStructure Building Location Place"
"v15_879","0","Ship Locomotive Aircraft MeanOfTransportation Automobile MilitaryVehicle"
"v18_581","0","AutomobileEngine Engine Device"
"v17_893","0","Person Journalist"
"v17_893","1","Place Location Settlement PopulatedPlace"
"v17_893","2","Place Location Settlement PopulatedPlace"
"v16_970","0","MemberOfParliament Politician Person"
"v16_970","1","Politician Person"
"v16_970","2","City Location Place PopulatedPlace Settlement"
"v15_494","0","Mammal Animal Horse Eukaryote RaceHorse Species"
"v15_494","1","Mammal Animal Horse Eukaryote RaceHorse Species"
"v15_494","2","Mammal Animal Horse Eukaryote RaceHorse Species"
"v16_58","0","Colour"
"v18_369","0","Person Athlete"
"v18_369","1","Place Location Settlement PopulatedPlace"
"v17_891","0","Person Journalist"
"v17_891","1","University College Organisation EducationalInstitution"
"v16_199","0","Embryology AnatomicalStructure"
"v16_272","1","Person"
"v16_272","2","Person"
"v16_51","0","Person CollegeCoach Coach"
"v16_200","0","Embryology AnatomicalStructure"
"v18_772","0","ArchitecturalStructure Building Location Place"
"v16_965","0","MemberOfParliament Politician Person"
"v16_965","1","Country Place PopulatedPlace Location"
"v16_965","2","Person"
"v16_965","3","Person"
"v16_60","0","Colour"
"v17_59","0","Colour"
"v15_237","0","Politician Person Governor"
"v15_237","1","Person"
"v15_237","2","MilitaryPerson Person"
"v15_39","0","Colour"
"v15_542","0","BaseballPlayer Person Athlete"
"v15_542","1","SportsTeam Organisation BaseballTeam"
"v18_201","0","FictionalCharacter Person"
"v18_201","1","FictionalCharacter Person"
"v18_201","2","FictionalCharacter Person"
"v18_201","3","FictionalCharacter Person"
"v16_198","0","Embryology AnatomicalStructure"
"v16_198","1","Embryology AnatomicalStructure"
"v15_43","0","Colour"
"v18_193","0","Artist Person FashionDesigner"
"v18_700","0","Chef Person"
"v17_139","0","DartsPlayer Person Athlete"
"v17_139","1","City Location Place PopulatedPlace Settlement"
"v17_139","2","Country Place PopulatedPlace Location"
"v18_132","0","DartsPlayer Person Athlete"
"v18_132","1","City Location Place PopulatedPlace Settlement"
"v18_132","2","Country Place PopulatedPlace Location"
"v16_222","0","FictionalCharacter Person"
"v16_222","1","FictionalCharacter Person"
"v16_876","0","Judge Person"
"v16_876","1","OfficeHolder Person"
"v16_876","2","OfficeHolder Person"
"v16_876","3","Location Place Region PopulatedPlace AdministrativeRegion"
"v15_3","0","Person"
"v15_3","1","Person"
"v15_713","0","Person BusinessPerson"
"v15_713","1","City Location Place PopulatedPlace Settlement"
"v16_53","0","Colour"
"v16_110","0","Cricketer Person Athlete"
"v17_558","0","AutomobileEngine Engine Device"
"v17_62","0","Colour"
"v17_459","0","GridironFootballPlayer Person AmericanFootballPlayer Athlete"
"v17_64","0","Colour"
"v15_77","0","Cricketer Person Athlete"
"v15_77","1","Country Place PopulatedPlace Location"
"v15_77","2","Country Place PopulatedPlace Location"
"v16_64","0","Colour"
"v15_42","0","Colour"
"v18_453","0","Ambassador Person"
"v18_453","1","Location Place Region PopulatedPlace AdministrativeRegion"
"v18_39","0","Colour"
"v15_534","0","Person"
"v15_534","1","Person"
"v15_534","2","Country Place PopulatedPlace Location"
"v15_534","3","Person"
"v18_824","0","Judge Person"
"v18_824","1","Person"
"v18_824","2","OfficeHolder Person"
"v18_839","0","LawFirm Company Organisation"
"v15_715","0","Stream Location Place BodyOfWater Canal NaturalPlace"
"v15_715","1","Person"
"v18_665","0","Stream Location Place BodyOfWater Canal NaturalPlace"
"v18_665","1","Person"
"v18_283","0","MotorsportRacer Person RacingDriver FormulaOneRacer Athlete"
"v18_84","0","Cricketer Person Athlete"
"v18_84","1","Country Place PopulatedPlace Location"
"v16_1","0","Person Cleric"
"v16_1","1","Person"
"v18_281","0","MotorsportRacer Person RacingDriver FormulaOneRacer Athlete"
"v16_557","0","MusicalArtist ClassicalMusicArtist Artist Person"
"v16_557","1","Work TelevisionShow"
"v17_446","0","GridironFootballPlayer Person AmericanFootballPlayer Athlete"
"v15_95","0","DartsPlayer Person Athlete"
"v15_95","1","City Location Place PopulatedPlace Settlement"
"v15_95","2","Country Place PopulatedPlace Location"
