"v15_181","0","1","writer"
"v15_181","0","2","producer"
"v15_181","0","3","previousWork"
"v15_181","0","4","runtime"
"v15_191","0","1","writer"
"v15_191","0","2","producer"
"v15_191","0","3","previousWork"
"v15_191","0","4","runtime"
"v15_194","0","1","writer"
"v15_194","0","2","producer"
"v15_194","0","3","previousWork"
"v15_194","0","4","runtime"
"v16_438","0","1","writer"
"v16_438","0","2","producer"
"v16_438","0","3","musicalArtist"
"v16_438","0","4","subsequentWork"
"v16_430","0","1","writer"
"v16_430","0","2","producer"
"v16_430","0","3","artist"
"v16_430","0","4","subsequentWork"
"v16_433","0","1","writer"
"v16_433","0","2","producer"
"v16_433","0","3","musicalArtist"
"v16_433","0","4","subsequentWork"
"v17_858","0","1","grandsire"
"v17_858","0","2","sire"
"v17_858","0","3","damsire"
"v17_858","0","4","foalDate"
"v16_428","0","1","writer"
"v16_428","0","2","producer"
"v16_428","0","3","musicalArtist"
"v16_428","0","4","subsequentWork"
"v15_164","0","1","director"
"v15_164","0","2","starring"
"v15_164","0","3","completionDate"
"v16_440","0","1","writer"
"v16_440","0","2","producer"
"v16_440","0","3","musicalArtist"
"v16_440","0","4","subsequentWork"
"v18_241","0","1","subsequentWork"
"v18_241","0","2","musicComposer"
"v18_241","0","3","director"
"v17_668","0","1","coverArtist"
"v17_668","0","2","author"
"v17_668","0","3","subsequentWork"
"v16_432","0","1","writer"
"v16_432","0","2","producer"
"v16_432","0","3","musicalArtist"
"v16_432","0","4","subsequentWork"
"v15_166","0","1","director"
"v15_166","0","2","starring"
"v15_166","0","3","completionDate"
"v15_195","0","1","writer"
"v15_195","0","2","producer"
"v15_195","0","3","previousWork"
"v15_195","0","4","runtime"
"v15_170","0","1","director"
"v15_170","0","2","starring"
"v15_170","0","3","completionDate"
"v16_152","0","1","team"
"v16_152","0","2","birthDate"
"v16_152","0","3","birthDate"
"v15_182","0","1","writer"
"v15_182","0","2","producer"
"v15_182","0","3","previousWork"
"v15_182","0","4","runtime"
"v15_173","0","1","director"
"v15_173","0","2","starring"
"v15_173","0","3","completionDate"
"v16_518","0","1","damsire"
"v16_518","0","2","grandsire"
"v16_518","0","3","breeder"
"v15_196","0","1","writer"
"v15_196","0","2","producer"
"v15_196","0","3","previousWork"
"v15_196","0","4","runtime"
"v16_517","0","1","damsire"
"v16_517","0","2","grandsire"
"v16_517","0","3","breeder"
"v18_127","0","1","team"
"v18_127","0","2","birthDate"
"v18_127","0","3","birthDate"
"v17_842","0","1","architect"
"v17_842","0","2","nrhpReferenceNumber"
"v17_842","0","3","area"
"v15_177","0","1","director"
"v15_177","0","2","starring"
"v15_177","0","3","completionDate"
"v16_431","0","1","writer"
"v16_431","0","2","producer"
"v16_431","0","3","musicalArtist"
"v16_431","0","4","subsequentWork"
"v15_529","0","1","deathPlace"
"v15_529","0","2","child"
"v15_529","0","3","birthDate"
"v15_529","0","4","deathDate"
"v17_356","0","1","commissioningDate"
"v17_356","0","2","layingDown"
"v17_356","0","3","shipLaunch"
"v17_356","0","4","decommissioningDate"
"v18_240","0","1","subsequentWork"
"v18_240","0","2","musicComposer"
"v18_240","0","3","director"
"v15_385","0","1","author"
"v15_385","0","2","composer"
"v15_385","0","3","runtime"
"v18_125","0","1","team"
"v18_125","0","2","birthDate"
"v18_125","0","3","birthDate"
"v17_830","0","1","architect"
"v17_830","0","2","nrhpReferenceNumber"
"v17_830","0","3","area"
"v16_445","0","1","writer"
"v16_445","0","2","producer"
"v16_445","0","3","musicalArtist"
"v16_445","0","4","subsequentWork"
"v15_796","0","1","yearOfConstruction"
"v15_796","0","2","area"
"v15_796","0","3","added"
"v18_128","0","1","team"
"v18_128","0","2","birthDate"
"v18_128","0","3","birthDate"
"v18_321","0","1","firstDriver"
"v18_321","0","2","secondTeam"
"v18_321","0","3","secondDriver"
"v18_321","0","4","course"
"v15_172","0","1","director"
"v15_172","0","2","starring"
"v15_172","0","3","completionDate"
"v15_526","0","1","deathPlace"
"v15_526","0","2","child"
"v15_526","0","3","birthDate"
"v15_526","0","4","deathDate"
"v16_444","0","1","writer"
"v16_444","0","2","producer"
"v16_444","0","3","artist"
"v16_444","0","4","subsequentWork"
"v15_205","0","1","creatorOfDish"
"v15_205","0","2","ingredientName"
"v15_205","0","3","servingTemperature"
"v18_265","0","1","author"
"v18_265","0","2","composer"
"v18_265","0","3","previousWork"
"v18_265","0","4","completionDate"
"v16_623","0","1","debutTeam"
"v16_623","0","2","birthDate"
"v16_623","0","3","deathDate"
"v18_769","0","1","area"
"v18_769","0","2","area"
"v18_769","0","3","added"
"v15_791","0","1","yearOfConstruction"
"v15_791","0","2","area"
"v15_791","0","3","added"
"v18_96","0","1","birthPlace"
"v18_96","0","2","club"
"v18_96","0","3","birthDate"
"v18_96","0","4","birthDate"
"v15_84","0","1","club"
"v15_84","0","2","birthPlace"
"v15_84","0","3","birthDate"
"v17_838","0","1","architect"
"v17_838","0","2","nrhpReferenceNumber"
"v17_838","0","3","area"
"v18_734","0","1","area"
"v18_734","0","2","area"
"v18_734","0","3","added"
"v16_630","0","1","debutTeam"
"v16_630","0","2","birthDate"
"v16_630","0","3","deathDate"
"v16_621","0","1","debutTeam"
"v16_621","0","2","birthDate"
"v16_621","0","3","deathDate"
"v15_447","0","1","formerTeam"
"v15_447","0","2","birthDate"
"v15_447","0","3","deathDate"
"v17_836","0","1","architect"
"v17_836","0","2","nrhpReferenceNumber"
"v17_836","0","3","area"
"v16_520","0","1","damsire"
"v16_520","0","2","grandsire"
"v16_520","0","3","breeder"
"v15_176","0","1","director"
"v15_176","0","2","starring"
"v15_176","0","3","completionDate"
"v15_911","0","1","breeder"
"v15_911","0","2","damsire"
"v15_911","0","3","sire"
"v15_911","0","4","grandsire"
"v15_911","0","5","foalDate"
"v18_862","0","1","publisher"
"v18_862","0","2","editorTitle"
"v18_862","0","3","circulation"
"v16_434","0","1","writer"
"v16_434","0","2","producer"
"v16_434","0","3","musicalArtist"
"v16_434","0","4","subsequentWork"
"v17_834","0","1","architect"
"v17_834","0","2","nrhpReferenceNumber"
"v17_834","0","3","area"
"v15_382","0","1","author"
"v15_382","0","2","composer"
"v15_382","0","3","runtime"
"v16_435","0","1","writer"
"v16_435","0","2","producer"
"v16_435","0","3","musicalArtist"
"v16_435","0","4","subsequentWork"
"v15_161","0","1","director"
"v15_161","0","2","starring"
"v15_161","0","3","completionDate"
"v17_342","0","1","commissioningDate"
"v17_342","0","2","layingDown"
"v17_342","0","3","shipLaunch"
"v17_342","0","4","decommissioningDate"
"v17_857","0","1","grandsire"
"v17_857","0","2","sire"
"v17_857","0","3","damsire"
"v17_857","0","4","foalDate"
"v16_673","0","1","previousWork"
"v16_673","0","2","numberOfPages"
"v16_673","0","3","isbn"
"v16_625","0","1","debutTeam"
"v16_625","0","2","birthDate"
"v16_625","0","3","deathDate"
"v17_672","0","1","coverArtist"
"v17_672","0","2","author"
"v17_672","0","3","subsequentWork"
"v17_104","0","1","club"
"v17_104","0","2","birthPlace"
"v17_104","0","3","birthDate"
"v15_421","0","1","debutTeam"
"v15_421","0","2","birthPlace"
"v15_421","0","3","draftPick"
"v16_616","0","1","debutTeam"
"v16_616","0","2","birthDate"
"v16_616","0","3","deathDate"
"v15_344","0","1","city"
"v15_344","0","2","city"
"v15_344","0","3","elevation"
"v16_619","0","1","debutTeam"
"v16_619","0","2","birthDate"
"v16_619","0","3","deathDate"
"v16_109","0","1","birthDate"
"v16_109","0","2","birthDate"
"v16_109","0","3","deathDate"
"v17_353","0","1","commissioningDate"
"v17_353","0","2","layingDown"
"v17_353","0","3","shipLaunch"
"v17_353","0","4","decommissioningDate"
"v15_372","0","1","author"
"v15_372","0","2","composer"
"v15_372","0","3","runtime"
"v16_123","0","1","birthDate"
"v16_123","0","2","birthDate"
"v16_123","0","3","deathDate"
"v15_525","0","1","deathPlace"
"v15_525","0","2","child"
"v15_525","0","3","birthDate"
"v15_525","0","4","deathDate"
"v15_384","0","1","author"
"v15_384","0","2","composer"
"v15_384","0","3","runtime"
"v17_349","0","1","commissioningDate"
"v17_349","0","2","layingDown"
"v17_349","0","3","shipLaunch"
"v17_349","0","4","decommissioningDate"
"v16_628","0","1","debutTeam"
"v16_628","0","2","birthDate"
"v16_628","0","3","deathDate"
"v16_137","0","1","club"
"v16_137","0","2","birthDate"
"v16_137","0","3","birthDate"
"v16_153","0","1","team"
"v16_153","0","2","birthDate"
"v16_153","0","3","birthDate"
"v17_341","0","1","commissioningDate"
"v17_341","0","2","layingDown"
"v17_341","0","3","shipLaunch"
"v17_341","0","4","decommissioningDate"
"v16_116","0","1","birthDate"
"v16_116","0","2","birthDate"
"v16_116","0","3","deathDate"
"v18_732","0","1","area"
"v18_732","0","2","area"
"v18_732","0","3","added"
"v16_119","0","1","birthDate"
"v16_119","0","2","birthDate"
"v16_119","0","3","deathDate"
"v18_861","0","1","publisher"
"v18_861","0","2","editorTitle"
"v18_861","0","3","circulation"
"v18_95","0","1","birthPlace"
"v18_95","0","2","[mid]"
"v18_95","0","3","birthDate"
"v18_95","0","4","birthDate"
"v18_129","0","1","team"
"v18_129","0","2","birthDate"
"v18_129","0","3","birthDate"
"v15_185","0","1","writer"
"v15_185","0","2","producer"
"v15_185","0","3","previousWork"
"v15_185","0","4","runtime"
"v18_768","0","1","area"
"v18_768","0","2","area"
"v18_768","0","3","added"
"v18_766","0","1","area"
"v18_766","0","2","area"
"v18_766","0","3","added"
"v17_412","0","1","narrator"
"v17_412","0","2","starring"
"v17_412","0","3","completionDate"
"v17_352","0","1","commissioningDate"
"v17_352","0","2","layingDown"
"v17_352","0","3","shipLaunch"
"v17_352","0","4","decommissioningDate"
"v15_200","0","1","writer"
"v15_200","0","2","producer"
"v15_200","0","3","previousWork"
"v15_200","0","4","runtime"
"v15_374","0","1","author"
"v15_374","0","2","composer"
"v15_374","0","3","runtime"
"v17_354","0","1","commissioningDate"
"v17_354","0","2","layingDown"
"v17_354","0","3","shipLaunch"
"v17_354","0","4","decommissioningDate"
"v18_770","0","1","area"
"v18_770","0","2","area"
"v18_770","0","3","added"
"v15_784","0","1","yearOfConstruction"
"v15_784","0","2","area"
"v15_784","0","3","added"
"v18_771","0","1","area"
"v18_771","0","2","area"
"v18_771","0","3","added"
"v15_199","0","1","writer"
"v15_199","0","2","producer"
"v15_199","0","3","previousWork"
"v15_199","0","4","runtime"
"v18_564","0","1","formerTeam"
"v18_564","0","2","deathDate"
"v18_564","0","3","birthDate"
"v18_737","0","1","area"
"v18_737","0","2","area"
"v18_737","0","3","added"
"v16_595","0","1","shipDisplacement"
"v16_595","0","2","shipLaunch"
"v16_595","0","3","shipDraft"
"v16_595","0","4","shipBeam"
"v15_377","0","1","author"
"v15_377","0","2","composer"
"v15_377","0","3","runtime"
"v17_930","0","1","layingDown"
"v17_930","0","2","shipDisplacement"
"v17_930","0","3","shipLaunch"
"v18_919","0","1","shipDraft"
"v18_919","0","2","layingDown"
"v18_919","0","3","commissioningDate"
"v15_527","0","1","deathPlace"
"v15_527","0","2","child"
"v15_527","0","3","birthDate"
"v15_527","0","4","deathDate"
"v16_111","0","1","birthDate"
"v16_111","0","2","birthDate"
"v16_111","0","3","deathDate"
"v16_636","0","1","college"
"v16_636","0","2","draftTeam"
"v16_636","0","3","deathDate"
"v16_620","0","1","debutTeam"
"v16_620","0","2","birthDate"
"v16_620","0","3","deathDate"
"v15_552","0","1","shipBeam"
"v15_552","0","2","shipLaunch"
"v15_552","0","3","commissioningDate"
"v15_785","0","1","yearOfConstruction"
"v15_785","0","2","area"
"v15_785","0","3","added"
"v16_626","0","1","debutTeam"
"v16_626","0","2","birthDate"
"v16_626","0","3","deathDate"
"v18_271","0","1","creatorOfDish"
"v18_271","0","2","ingredientName"
"v18_271","0","3","servingTemperature"
"v15_180","0","1","writer"
"v15_180","0","2","producer"
"v15_180","0","3","previousWork"
"v15_180","0","4","runtime"
"v17_827","0","1","architect"
"v17_827","0","2","nrhpReferenceNumber"
"v17_827","0","3","area"
"v18_733","0","1","area"
"v18_733","0","2","area"
"v18_733","0","3","added"
"v18_777","0","1","area"
"v18_777","0","2","area"
"v18_777","0","3","added"
"v15_795","0","1","yearOfConstruction"
"v15_795","0","2","area"
"v15_795","0","3","added"
"v15_792","0","1","yearOfConstruction"
"v15_792","0","2","area"
"v15_792","0","3","added"
"v18_518","0","1","breeder"
"v18_518","0","2","sire"
"v18_518","0","3","dam"
"v17_363","0","1","automobilePlatform"
"v17_363","0","2","transmission"
"v17_363","0","3","wheelbase"
"v16_159","0","1","birthPlace"
"v16_159","0","2","hometown"
"v16_159","0","3","birthDate"
"v16_159","0","4","birthDate"
"v16_437","0","1","writer"
"v16_437","0","2","producer"
"v16_437","0","3","musicalArtist"
"v16_437","0","4","subsequentWork"
"v16_453","0","1","previousWork"
"v16_453","0","2","starring"
"v16_453","0","3","runtime"
"v16_427","0","1","writer"
"v16_427","0","2","producer"
"v16_427","0","3","musicalArtist"
"v16_427","0","4","subsequentWork"
"v16_121","0","1","birthDate"
"v16_121","0","2","birthDate"
"v16_121","0","3","deathDate"
"v17_458","0","1","birthDate"
"v17_458","0","2","birthDate"
"v17_458","0","3","draftPick"
"v18_765","0","1","area"
"v18_765","0","2","area"
"v18_765","0","3","added"
"v18_935","0","1","spouse"
"v18_935","0","2","eyeColor"
"v18_935","0","3","birthDate"
"v18_935","0","4","birthDate"
"v18_935","0","5","hairColor"
"v16_458","0","1","previousWork"
"v16_458","0","2","starring"
"v16_458","0","3","runtime"
"v16_124","0","1","birthDate"
"v16_124","0","2","birthDate"
"v16_124","0","3","deathDate"
"v18_927","0","1","shipDraft"
"v18_927","0","2","layingDown"
"v18_927","0","3","commissioningDate"
"v18_722","0","1","area"
"v18_722","0","2","area"
"v18_722","0","3","added"
"v18_456","0","1","birthDate"
"v18_456","0","2","draftPick"
"v18_456","0","3","birthDate"
"v17_449","0","1","birthDate"
"v17_449","0","2","birthDate"
"v17_449","0","3","draftPick"
"v18_539","0","1","vein"
"v18_539","0","2","supplies"
"v18_539","0","3","branchFrom"
"v18_539","0","4","graySubject"
"v18_539","0","5","grayPage"
"v15_380","0","1","author"
"v15_380","0","2","composer"
"v15_380","0","3","runtime"
"v17_828","0","1","architect"
"v17_828","0","2","nrhpReferenceNumber"
"v17_828","0","3","area"
"v16_436","0","1","writer"
"v16_436","0","2","producer"
"v16_436","0","3","musicalArtist"
"v16_436","0","4","subsequentWork"
"v18_920","0","1","shipDraft"
"v18_920","0","2","layingDown"
"v18_920","0","3","commissioningDate"
"v17_833","0","1","architect"
"v17_833","0","2","nrhpReferenceNumber"
"v17_833","0","3","area"
"v16_562","0","1","restingPlace"
"v16_562","0","2","child"
"v16_240","0","1","basedOn"
"v16_240","0","2","starring"
"v16_240","0","3","director"
"v18_902","0","1","birthName"
"v18_902","0","2","deathDate"
"v18_902","0","3","years"
"v17_831","0","1","architect"
"v17_831","0","2","nrhpReferenceNumber"
"v17_831","0","3","area"
"v16_711","0","1","nationality"
"v16_711","0","2","birthPlace"
"v16_711","0","3","birthDate"
"v16_711","0","4","birthDate"
"v16_711","0","5","deathDate"
"v16_241","0","1","basedOn"
"v16_241","0","2","starring"
"v16_241","0","3","director"
"v15_484","0","1","drainsTo"
"v15_484","0","2","artery"
"v15_484","0","3","grayPage"
"v17_451","0","1","birthDate"
"v17_451","0","2","birthDate"
"v17_451","0","3","draftPick"
"v16_138","0","1","club"
"v16_138","0","2","birthDate"
"v16_138","0","3","birthDate"
"v15_634","0","1","entrezgene"
"v15_634","0","2","hgncid"
"v15_634","0","3","symbol"
"v15_636","0","1","entrezgene"
"v15_636","0","2","hgncid"
"v15_636","0","3","symbol"
"v15_171","0","1","director"
"v15_171","0","2","starring"
"v15_171","0","3","completionDate"
"v15_187","0","1","writer"
"v15_187","0","2","producer"
"v15_187","0","3","previousWork"
"v15_187","0","4","runtime"
"v15_790","0","1","yearOfConstruction"
"v15_790","0","2","area"
"v15_790","0","3","added"
"v15_558","0","1","shipBeam"
"v15_558","0","2","shipLaunch"
"v15_558","0","3","commissioningDate"
"v15_549","0","1","shipBeam"
"v15_549","0","2","shipLaunch"
"v15_549","0","3","commissioningDate"
"v15_487","0","1","damsire"
"v15_487","0","2","sire"
"v15_487","0","3","foalDate"
"v16_624","0","1","debutTeam"
"v16_624","0","2","birthDate"
"v16_624","0","3","deathDate"
"v15_564","0","1","shipBeam"
"v15_564","0","2","shipLaunch"
"v15_564","0","3","commissioningDate"
"v15_489","0","1","damsire"
"v15_489","0","2","sire"
"v15_489","0","3","foalDate"
"v15_554","0","1","shipBeam"
"v15_554","0","2","shipLaunch"
"v15_554","0","3","commissioningDate"
"v15_528","0","1","deathPlace"
"v15_528","0","2","child"
"v15_528","0","3","birthDate"
"v15_528","0","4","deathDate"
"v15_813","0","1","birthDate"
"v15_813","0","2","birthDate"
"v15_813","0","3","whaDraft"
"v17_452","0","1","birthDate"
"v17_452","0","2","birthDate"
"v17_452","0","3","draftPick"
"v16_118","0","1","birthDate"
"v16_118","0","2","birthDate"
"v16_118","0","3","deathDate"
"v17_856","0","1","grandsire"
"v17_856","0","2","sire"
"v17_856","0","3","damsire"
"v17_856","0","4","foalDate"
"v18_721","0","1","area"
"v18_721","0","2","area"
"v18_721","0","3","added"
"v15_559","0","1","shipBeam"
"v15_559","0","2","shipLaunch"
"v15_559","0","3","commissioningDate"
"v15_783","0","1","yearOfConstruction"
"v15_783","0","2","area"
"v15_783","0","3","added"
"v16_599","0","1","shipDisplacement"
"v16_599","0","2","shipLaunch"
"v16_599","0","3","shipDraft"
"v16_599","0","4","shipBeam"
"v15_786","0","1","yearOfConstruction"
"v15_786","0","2","area"
"v15_786","0","3","added"
"v17_846","0","1","architect"
"v17_846","0","2","nrhpReferenceNumber"
"v17_846","0","3","area"
"v18_932","0","1","shipDraft"
"v18_932","0","2","layingDown"
"v18_932","0","3","commissioningDate"
"v15_488","0","1","damsire"
"v15_488","0","2","sire"
"v15_488","0","3","foalDate"
"v18_239","0","1","subsequentWork"
"v18_239","0","2","musicComposer"
"v18_239","0","3","director"
"v15_179","0","1","director"
"v15_179","0","2","starring"
"v15_179","0","3","completionDate"
"v17_447","0","1","birthDate"
"v17_447","0","2","birthDate"
"v17_447","0","3","draftPick"
"v16_113","0","1","birthDate"
"v16_113","0","2","birthDate"
"v16_113","0","3","deathDate"
"v15_934","0","1","relation"
"v15_934","0","2","deathDate"
"v15_934","0","3","birthDate"
"v17_360","0","1","commissioningDate"
"v17_360","0","2","layingDown"
"v17_360","0","3","shipLaunch"
"v17_360","0","4","decommissioningDate"
"v17_348","0","1","commissioningDate"
"v17_348","0","2","layingDown"
"v17_348","0","3","shipLaunch"
"v17_348","0","4","decommissioningDate"
"v18_472","0","1","birthDate"
"v18_472","0","2","draftPick"
"v18_472","0","3","birthDate"
"v18_763","0","1","area"
"v18_763","0","2","area"
"v18_763","0","3","added"
"v15_910","0","1","breeder"
"v15_910","0","2","damsire"
"v15_910","0","3","sire"
"v15_910","0","4","grandsire"
"v15_910","0","5","foalDate"
"v18_724","0","1","area"
"v18_724","0","2","area"
"v18_724","0","3","added"
"v17_946","0","1","layingDown"
"v17_946","0","2","shipDisplacement"
"v17_946","0","3","shipLaunch"
"v15_373","0","1","author"
"v15_373","0","2","composer"
"v15_373","0","3","runtime"
"v16_456","0","1","previousWork"
"v16_456","0","2","starring"
"v16_456","0","3","runtime"
"v17_455","0","1","birthDate"
"v17_455","0","2","birthDate"
"v17_455","0","3","draftPick"
"v15_815","0","1","birthDate"
"v15_815","0","2","birthDate"
"v15_815","0","3","whaDraft"
"v16_891","0","1","graySubject"
"v16_891","0","2","dorlandsSuffix"
"v16_891","0","3","grayPage"
"v16_891","0","4","dorlandsPrefix"
"v16_150","0","1","team"
"v16_150","0","2","birthDate"
"v16_150","0","3","birthDate"
"v17_454","0","1","birthDate"
"v17_454","0","2","birthDate"
"v17_454","0","3","draftPick"
"v17_350","0","1","commissioningDate"
"v17_350","0","2","layingDown"
"v17_350","0","3","shipLaunch"
"v17_350","0","4","decommissioningDate"
"v18_728","0","1","area"
"v18_728","0","2","area"
"v18_728","0","3","added"
"v18_466","0","1","birthDate"
"v18_466","0","2","draftPick"
"v18_466","0","3","birthDate"
"v16_560","0","1","relative"
"v16_560","0","2","deathPlace"
"v16_560","0","3","birthName"
"v16_560","0","4","birthDate"
"v16_519","0","1","damsire"
"v16_519","0","2","grandsire"
"v16_519","0","3","breeder"
"v15_793","0","1","yearOfConstruction"
"v15_793","0","2","area"
"v15_793","0","3","added"
"v15_556","0","1","shipBeam"
"v15_556","0","2","shipLaunch"
"v15_556","0","3","commissioningDate"
"v16_224","0","1","formerCoach"
"v16_224","0","2","formerPartner"
"v16_224","0","3","currentPartner"
"v16_224","0","4","birthDate"
"v16_372","0","1","shipDisplacement"
"v16_372","0","2","shipBeam"
"v16_372","0","3","shipLaunch"
"v16_462","0","1","previousWork"
"v16_462","0","2","starring"
"v16_462","0","3","runtime"
"v15_169","0","1","director"
"v15_169","0","2","starring"
"v15_169","0","3","completionDate"
"v18_470","0","1","birthDate"
"v18_470","0","2","draftPick"
"v18_470","0","3","birthDate"
"v18_729","0","1","area"
"v18_729","0","2","area"
"v18_729","0","3","added"
"v17_829","0","1","architect"
"v17_829","0","2","nrhpReferenceNumber"
"v17_829","0","3","area"
"v18_898","0","1","militaryUnit"
"v18_898","0","2","child"
"v18_898","0","3","years"
"v18_898","0","4","birthDate"
"v17_343","0","1","commissioningDate"
"v17_343","0","2","layingDown"
"v17_343","0","3","shipLaunch"
"v17_343","0","4","decommissioningDate"
"v15_376","0","1","author"
"v15_376","0","2","composer"
"v15_376","0","3","runtime"
"v17_351","0","1","commissioningDate"
"v17_351","0","2","layingDown"
"v17_351","0","3","shipLaunch"
"v17_351","0","4","decommissioningDate"
"v15_555","0","1","shipBeam"
"v15_555","0","2","shipLaunch"
"v15_555","0","3","commissioningDate"
"v15_163","0","1","director"
"v15_163","0","2","starring"
"v15_163","0","3","completionDate"
"v16_443","0","1","writer"
"v16_443","0","2","producer"
"v16_443","0","3","musicalArtist"
"v16_443","0","4","subsequentWork"
"v15_453","0","1","formerTeam"
"v15_453","0","2","birthDate"
"v15_453","0","3","deathDate"
"v16_147","0","1","team"
"v16_147","0","2","birthDate"
"v16_147","0","3","birthDate"
"v16_651","0","1","uniprot"
"v16_651","0","2","hgncid"
"v16_651","0","3","entrezgene"
"v17_618","0","1","symbol"
"v17_618","0","2","omim"
"v17_618","0","3","entrezgene"
"v17_618","0","4","ecNumber"
"v17_618","0","5","hgncid"
"v15_548","0","1","shipBeam"
"v15_548","0","2","shipLaunch"
"v15_548","0","3","commissioningDate"
"v18_922","0","1","shipDraft"
"v18_922","0","2","layingDown"
"v18_922","0","3","commissioningDate"
"v18_917","0","1","shipDraft"
"v18_917","0","2","layingDown"
"v18_917","0","3","commissioningDate"
"v17_346","0","1","commissioningDate"
"v17_346","0","2","layingDown"
"v17_346","0","3","shipLaunch"
"v17_346","0","4","decommissioningDate"
"v17_238","0","1","creatorOfDish"
"v17_238","0","2","ingredientName"
"v17_238","0","3","servingTemperature"
"v16_120","0","1","birthDate"
"v16_120","0","2","birthDate"
"v16_120","0","3","deathDate"
"v17_738","0","1","heightAboveAverageTerrain"
"v17_738","0","2","callsignMeaning"
"v17_738","0","3","digitalChannel"
"v18_206","0","1","choreographer"
"v18_206","0","2","birthDate"
"v18_206","0","3","birthDate"
"v17_361","0","1","automobilePlatform"
"v17_361","0","2","transmission"
"v17_361","0","3","wheelbase"
"v15_35","0","1","tournamentRecord"
"v15_35","0","2","currentRecord"
"v15_35","0","3","birthDate"
"v18_458","0","1","birthDate"
"v18_458","0","2","draftPick"
"v18_458","0","3","birthDate"
"v17_847","0","1","architect"
"v17_847","0","2","nrhpReferenceNumber"
"v17_847","0","3","area"
"v15_257","0","1","thirdTeam"
"v15_257","0","2","thirdDriver"
"v15_257","0","3","course"
"v18_238","0","1","subsequentWork"
"v18_238","0","2","musicComposer"
"v18_238","0","3","director"
"v15_184","0","1","writer"
"v15_184","0","2","producer"
"v15_184","0","3","previousWork"
"v15_184","0","4","runtime"
"v18_473","0","1","birthDate"
"v18_473","0","2","draftPick"
"v18_473","0","3","birthDate"
"v18_469","0","1","birthDate"
"v18_469","0","2","draftPick"
"v18_469","0","3","birthDate"
"v16_289","0","1","creatorOfDish"
"v16_289","0","2","ingredientName"
"v16_289","0","3","servingTemperature"
"v15_876","0","1","layingDown"
"v15_876","0","2","shipDisplacement"
"v15_876","0","3","shipDraft"
"v18_735","0","1","area"
"v18_735","0","2","area"
"v18_735","0","3","added"
"v17_855","0","1","grandsire"
"v17_855","0","2","sire"
"v17_855","0","3","damsire"
"v17_855","0","4","foalDate"
"v17_239","0","1","creatorOfDish"
"v17_239","0","2","ingredientName"
"v17_239","0","3","servingTemperature"
"v18_740","0","1","area"
"v18_740","0","2","area"
"v18_740","0","3","added"
"v15_794","0","1","yearOfConstruction"
"v15_794","0","2","area"
"v15_794","0","3","added"
"v18_38","0","1","cmykCoordinateCyanic"
"v18_38","0","2","rgbCoordinateGreen"
"v18_38","0","3","rgbCoordinateBlue"
"v18_38","0","4","hsvCoordinateSaturation"
"v18_38","0","5","hsvCoordinateValue"
"v16_353","0","1","birthDate"
"v16_353","0","2","birthDate"
"v16_353","0","3","deathDate"
"v16_353","0","4","undraftedYear"
"v18_863","0","1","publisher"
"v18_863","0","2","editorTitle"
"v18_863","0","3","circulation"
"v18_856","0","1","shipDisplacement"
"v18_856","0","2","decommissioningDate"
"v18_856","0","3","shipLaunch"
"v17_457","0","1","birthDate"
"v17_457","0","2","birthDate"
"v17_457","0","3","draftPick"
"v15_34","0","1","tournamentRecord"
"v15_34","0","2","currentRecord"
"v15_34","0","3","birthDate"
"v15_550","0","1","shipBeam"
"v15_550","0","2","shipLaunch"
"v15_550","0","3","commissioningDate"
"v18_474","0","1","birthDate"
"v18_474","0","2","draftPick"
"v18_474","0","3","birthDate"
"v16_374","0","1","shipDisplacement"
"v16_374","0","2","shipDraft"
"v16_374","0","3","shipLaunch"
"v16_627","0","1","debutTeam"
"v16_627","0","2","birthDate"
"v16_627","0","3","deathDate"
"v17_355","0","1","commissioningDate"
"v17_355","0","2","layingDown"
"v17_355","0","3","shipLaunch"
"v17_355","0","4","decommissioningDate"
"v18_211","0","1","choreographer"
"v18_211","0","2","birthDate"
"v18_211","0","3","birthDate"
"v16_290","0","1","creatorOfDish"
"v16_290","0","2","ingredientName"
"v16_290","0","3","servingTemperature"
"v16_235","0","1","basedOn"
"v16_235","0","2","starring"
"v16_235","0","3","director"
"v16_654","0","1","uniprot"
"v16_654","0","2","hgncid"
"v16_654","0","3","entrezgene"
"v18_462","0","1","birthDate"
"v18_462","0","2","draftPick"
"v18_462","0","3","birthDate"
"v15_878","0","1","layingDown"
"v15_878","0","2","shipDisplacement"
"v15_878","0","3","shipDraft"
"v18_210","0","1","choreographer"
"v18_210","0","2","birthDate"
"v18_210","0","3","birthDate"
"v15_383","0","1","author"
"v15_383","0","2","composer"
"v15_383","0","3","runtime"
"v17_460","0","1","birthDate"
"v17_460","0","2","birthDate"
"v17_460","0","3","draftPick"
"v18_731","0","1","area"
"v18_731","0","2","area"
"v18_731","0","3","added"
"v18_253","0","1","basedOn"
"v18_253","0","2","writer"
"v18_253","0","3","runtime"
"v18_537","0","1","branchTo"
"v18_537","0","2","dorlandsSuffix"
"v18_537","0","3","dorlandsPrefix"
"v15_198","0","1","writer"
"v15_198","0","2","producer"
"v15_198","0","3","previousWork"
"v15_198","0","4","runtime"
"v18_775","0","1","area"
"v18_775","0","2","area"
"v18_775","0","3","added"
"v18_635","0","1","meshName"
"v18_635","0","2","meshNumber"
"v18_635","0","3","brainInfoNumber"
"v17_345","0","1","commissioningDate"
"v17_345","0","2","layingDown"
"v17_345","0","3","shipLaunch"
"v17_345","0","4","decommissioningDate"
"v17_954","0","1","breeder"
"v17_954","0","2","damsire"
"v17_954","0","3","grandsire"
"v17_954","0","4","dam"
"v15_553","0","1","shipBeam"
"v15_553","0","2","shipLaunch"
"v15_553","0","3","commissioningDate"
"v15_188","0","1","writer"
"v15_188","0","2","producer"
"v15_188","0","3","previousWork"
"v15_188","0","4","runtime"
"v18_272","0","1","creatorOfDish"
"v18_272","0","2","ingredientName"
"v18_272","0","3","servingTemperature"
"v16_510","0","1","branchFrom"
"v16_510","0","2","meshName"
"v16_510","0","3","graySubject"
"v16_510","0","4","dorlandsSuffix"
"v16_510","0","5","meshNumber"
"v16_510","0","6","dorlandsPrefix"
"v15_637","0","1","entrezgene"
"v15_637","0","2","hgncid"
"v15_637","0","3","symbol"
"v17_340","0","1","commissioningDate"
"v17_340","0","2","layingDown"
"v17_340","0","3","shipLaunch"
"v17_340","0","4","decommissioningDate"
"v15_486","0","1","damsire"
"v15_486","0","2","sire"
"v15_486","0","3","foalDate"
"v17_757","0","1","district"
"v17_757","0","2","district"
"v17_757","0","3","district"
"v16_618","0","1","debutTeam"
"v16_618","0","2","birthDate"
"v16_618","0","3","deathDate"
"v18_467","0","1","birthDate"
"v18_467","0","2","draftPick"
"v18_467","0","3","birthDate"
"v17_103","0","1","birthPlace"
"v17_103","0","2","birthPlace"
"v17_103","0","3","birthDate"
"v17_934","0","1","layingDown"
"v17_934","0","2","shipDisplacement"
"v17_934","0","3","shipLaunch"
"v18_849","0","1","dorlandsSuffix"
"v18_849","0","2","graySubject"
"v18_849","0","3","grayPage"
"v18_849","0","4","dorlandsPrefix"
"v18_762","0","1","area"
"v18_762","0","2","area"
"v18_762","0","3","added"
"v17_843","0","1","architect"
"v17_843","0","2","nrhpReferenceNumber"
"v17_843","0","3","area"
"v16_115","0","1","birthDate"
"v16_115","0","2","birthDate"
"v16_115","0","3","deathDate"
"v17_450","0","1","birthDate"
"v17_450","0","2","birthDate"
"v17_450","0","3","draftPick"
"v18_774","0","1","area"
"v18_774","0","2","area"
"v18_774","0","3","added"
"v17_534","0","1","branchFrom"
"v17_534","0","2","vein"
"v17_534","0","3","branchTo"
"v17_534","0","4","grayPage"
"v16_761","0","1","district"
"v16_761","0","2","district"
"v16_761","0","3","district"
"v16_761","0","4","district"
"v18_614","0","1","omim"
"v18_614","0","2","uniprot"
"v18_614","0","3","hgncid"
"v18_614","0","4","ecNumber"
"v18_614","0","5","entrezgene"
"v16_136","0","1","club"
"v16_136","0","2","birthDate"
"v16_136","0","3","birthDate"
"v16_122","0","1","birthDate"
"v16_122","0","2","birthDate"
"v16_122","0","3","deathDate"
"v15_165","0","1","director"
"v15_165","0","2","starring"
"v15_165","0","3","completionDate"
"v16_553","0","1","branchTo"
"v16_553","0","2","vein"
"v16_553","0","3","branchFrom"
"v16_553","0","4","dorlandsSuffix"
"v16_553","0","5","graySubject"
"v17_849","0","1","architect"
"v17_849","0","2","nrhpReferenceNumber"
"v17_849","0","3","area"
"v15_885","0","1","publisher"
"v15_885","0","2","issn"
"v15_885","0","3","editorTitle"
"v15_562","0","1","shipBeam"
"v15_562","0","2","shipLaunch"
"v15_562","0","3","commissioningDate"
"v17_840","0","1","architect"
"v17_840","0","2","nrhpReferenceNumber"
"v17_840","0","3","area"
"v18_934","0","1","shipDraft"
"v18_934","0","2","layingDown"
"v18_934","0","3","commissioningDate"
"v18_929","0","1","shipDraft"
"v18_929","0","2","layingDown"
"v18_929","0","3","commissioningDate"
"v17_587","0","1","debutTeam"
"v17_587","0","2","birthPlace"
"v17_587","0","3","birthDate"
"v17_587","0","4","birthDate"
"v15_431","0","1","debutTeam"
"v15_431","0","2","birthPlace"
"v15_431","0","3","draftPick"
"v16_148","0","1","team"
"v16_148","0","2","birthDate"
"v16_148","0","3","birthDate"
"v15_520","0","1","supplies"
"v15_520","0","2","vein"
"v15_520","0","3","grayPage"
"v15_520","0","4","dorlandsSuffix"
"v16_656","0","1","uniprot"
"v16_656","0","2","hgncid"
"v16_656","0","3","entrezgene"
"v17_105","0","1","club"
"v17_105","0","2","birthPlace"
"v17_105","0","3","birthDate"
"v17_839","0","1","architect"
"v17_839","0","2","nrhpReferenceNumber"
"v17_839","0","3","area"
"v16_655","0","1","uniprot"
"v16_655","0","2","hgncid"
"v16_655","0","3","entrezgene"
"v17_845","0","1","architect"
"v17_845","0","2","nrhpReferenceNumber"
"v17_845","0","3","area"
"v17_528","0","1","significantBuilding"
"v17_528","0","2","birthDate"
"v17_528","0","3","birthDate"
"v16_447","0","1","previousWork"
"v16_447","0","2","starring"
"v16_447","0","3","runtime"
"v16_285","0","1","openingFilm"
"v16_285","0","2","closingFilm"
"v16_285","0","3","[mid]"
"v16_285","0","4","[mid]"
"v16_661","0","1","symbol"
"v16_661","0","2","omim"
"v16_661","0","3","ecNumber"
"v17_579","0","1","debutTeam"
"v17_579","0","2","birthPlace"
"v17_579","0","3","birthDate"
"v17_579","0","4","birthDate"
"v18_926","0","1","shipDraft"
"v18_926","0","2","layingDown"
"v18_926","0","3","commissioningDate"
"v18_224","0","1","starring"
"v18_224","0","2","producer"
"v18_224","0","3","editing"
"v18_224","0","4","runtime"
"v16_146","0","1","team"
"v16_146","0","2","birthDate"
"v16_146","0","3","birthDate"
"v18_126","0","1","team"
"v18_126","0","2","birthDate"
"v18_126","0","3","birthDate"
"v16_149","0","1","team"
"v16_149","0","2","birthDate"
"v16_149","0","3","birthDate"
"v15_635","0","1","entrezgene"
"v15_635","0","2","hgncid"
"v15_635","0","3","symbol"
"v18_760","0","1","area"
"v18_760","0","2","area"
"v18_760","0","3","added"
"v16_516","0","1","damsire"
"v16_516","0","2","grandsire"
"v16_516","0","3","breeder"
"v18_203","0","1","formerPartner"
"v18_203","0","2","formerCoach"
"v18_203","0","3","currentPartner"
"v15_436","0","1","debutTeam"
"v15_436","0","2","birthPlace"
"v15_436","0","3","draftPick"
"v17_979","0","1","birthPlace"
"v17_979","0","2","trainer"
"v17_979","0","3","birthDate"
"v17_920","0","1","politicalPartyInLegislature"
"v17_920","0","2","electionDateLeader"
"v17_920","0","3","numberOfMembers"
"v16_441","0","1","writer"
"v16_441","0","2","producer"
"v16_441","0","3","musicalArtist"
"v16_441","0","4","subsequentWork"
"v17_58","0","1","hsvCoordinateHue"
"v17_58","0","2","rgbCoordinateGreen"
"v17_58","0","3","cmykCoordinateCyanic"
"v17_58","0","4","cmykCoordinateMagenta"
"v17_58","0","5","cmykCoordinateBlack"
"v17_58","0","6","rgbCoordinateBlue"
"v17_58","0","7","hsvCoordinateSaturation"
"v15_339","0","1","city"
"v15_339","0","2","city"
"v15_339","0","3","elevation"
"v17_63","0","1","rgbCoordinateRed"
"v17_63","0","2","cmykCoordinateYellow"
"v17_63","0","3","hsvCoordinateValue"
"v15_492","0","1","damsire"
"v15_492","0","2","sire"
"v15_492","0","3","foalDate"
"v16_370","0","1","spouse"
"v16_370","0","2","birthDate"
"v16_370","0","3","birthDate"
"v15_782","0","1","yearOfConstruction"
"v15_782","0","2","area"
"v15_782","0","3","added"
"v18_914","0","1","shipDraft"
"v18_914","0","2","layingDown"
"v18_914","0","3","commissioningDate"
"v16_395","0","1","city"
"v16_395","0","2","faaLocationIdentifier"
"v16_395","0","3","iataLocationIdentifier"
"v16_395","0","4","runwayLength"
"v18_726","0","1","area"
"v18_726","0","2","area"
"v18_726","0","3","added"
"v17_925","0","1","dorlandsPrefix"
"v17_925","0","2","graySubject"
"v17_925","0","3","grayPage"
"v17_925","0","4","dorlandsSuffix"
"v16_252","0","1","basedOn"
"v16_252","0","2","starring"
"v16_252","0","3","director"
"v18_921","0","1","shipDraft"
"v18_921","0","2","layingDown"
"v18_921","0","3","commissioningDate"
"v15_561","0","1","shipBeam"
"v15_561","0","2","shipLaunch"
"v15_561","0","3","commissioningDate"
"v17_832","0","1","architect"
"v17_832","0","2","nrhpReferenceNumber"
"v17_832","0","3","area"
"v16_451","0","1","previousWork"
"v16_451","0","2","starring"
"v16_451","0","3","runtime"
"v17_48","0","1","tournamentRecord"
"v17_48","0","2","bowlRecord"
"v17_48","0","3","birthDate"
"v17_453","0","1","birthDate"
"v17_453","0","2","birthDate"
"v17_453","0","3","draftPick"
"v17_953","0","1","breeder"
"v17_953","0","2","damsire"
"v17_953","0","3","grandsire"
"v17_953","0","4","dam"
"v16_371","0","1","shipDisplacement"
"v16_371","0","2","shipBeam"
"v16_371","0","3","shipLaunch"
"v16_246","0","1","basedOn"
"v16_246","0","2","starring"
"v16_246","0","3","director"
"v18_761","0","1","area"
"v18_761","0","2","area"
"v18_761","0","3","added"
"v17_585","0","1","debutTeam"
"v17_585","0","2","birthPlace"
"v17_585","0","3","birthDate"
"v17_585","0","4","birthDate"
"v15_422","0","1","debutTeam"
"v15_422","0","2","birthPlace"
"v15_422","0","3","draftPick"
"v16_250","0","1","basedOn"
"v16_250","0","2","starring"
"v16_250","0","3","director"
"v18_36","0","1","cmykCoordinateMagenta"
"v18_36","0","2","rgbCoordinateRed"
"v18_36","0","3","cmykCoordinateYellow"
"v18_36","0","4","hsvCoordinateHue"
"v18_460","0","1","birthDate"
"v18_460","0","2","draftPick"
"v18_460","0","3","birthDate"
"v18_495","0","1","precursor"
"v18_495","0","2","dorlandsPrefix"
"v18_495","0","3","dorlandsSuffix"
"v18_776","0","1","area"
"v18_776","0","2","area"
"v18_776","0","3","added"
"v16_617","0","1","debutTeam"
"v16_617","0","2","birthDate"
"v16_617","0","3","deathDate"
"v18_208","0","1","choreographer"
"v18_208","0","2","birthDate"
"v18_208","0","3","birthDate"
"v17_462","0","1","birthDate"
"v17_462","0","2","birthDate"
"v17_462","0","3","draftPick"
"v15_446","0","1","formerTeam"
"v15_446","0","2","birthDate"
"v15_446","0","3","deathDate"
"v16_280","0","1","cinematography"
"v16_280","0","2","editing"
"v16_280","0","3","runtime"
"v18_757","0","1","area"
"v18_757","0","2","area"
"v18_757","0","3","added"
"v15_789","0","1","yearOfConstruction"
"v15_789","0","2","area"
"v15_789","0","3","added"
"v17_1","0","1","child"
"v17_1","0","2","deathPlace"
"v17_1","0","3","deathDate"
"v17_1","0","4","birthDate"
"v17_1","0","5","birthDate"
"v15_945","0","1","isPartOfMilitaryConflict"
"v15_945","0","2","place"
"v15_945","0","3","result"
"v15_945","0","4","strength"
"v15_945","0","5","combatant"
"v15_945","0","6","causalties"
"v18_464","0","1","birthDate"
"v18_464","0","2","draftPick"
"v18_464","0","3","birthDate"
"v15_379","0","1","author"
"v15_379","0","2","composer"
"v15_379","0","3","runtime"
"v15_371","0","1","author"
"v15_371","0","2","composer"
"v15_371","0","3","runtime"
"v15_428","0","1","debutTeam"
"v15_428","0","2","birthPlace"
"v15_428","0","3","draftPick"
"v16_48","0","1","birthDate"
"v16_48","0","2","bowlRecord"
"v16_48","0","3","tournamentRecord"
"v16_634","0","1","college"
"v16_634","0","2","draftTeam"
"v16_634","0","3","deathDate"
"v15_631","0","1","omim"
"v15_631","0","2","ecNumber"
"v15_631","0","3","uniprot"
"v15_700","0","1","deathDate"
"v15_700","0","2","birthDate"
"v15_700","0","3","birthDate"
"v17_357","0","1","commissioningDate"
"v17_357","0","2","layingDown"
"v17_357","0","3","shipLaunch"
"v17_357","0","4","decommissioningDate"
"v18_591","0","1","deathDate"
"v18_591","0","2","birthDate"
"v18_591","0","3","birthDate"
"v18_931","0","1","shipDraft"
"v18_931","0","2","layingDown"
"v18_931","0","3","commissioningDate"
"v18_494","0","1","artery"
"v18_494","0","2","drainsFrom"
"v18_494","0","3","drainsTo"
"v18_494","0","4","graySubject"
"v16_292","0","1","poles"
"v16_292","0","2","podiums"
"v16_292","0","3","wins"
"v17_510","0","1","dam"
"v17_510","0","2","damsire"
"v17_510","0","3","grandsire"
"v17_510","0","4","foalDate"
"v17_359","0","1","commissioningDate"
"v17_359","0","2","layingDown"
"v17_359","0","3","shipLaunch"
"v17_359","0","4","decommissioningDate"
"v16_294","0","1","poles"
"v16_294","0","2","podiums"
"v16_294","0","3","wins"
"v16_363","0","1","child"
"v16_363","0","2","deathPlace"
"v16_363","0","3","restingPlace"
"v16_363","0","4","birthName"
"v15_826","0","1","birthPlace"
"v15_826","0","2","birthDate"
"v15_826","0","3","birthDate"
"v15_816","0","1","birthDate"
"v15_816","0","2","birthDate"
"v15_816","0","3","whaDraft"
"v17_456","0","1","birthDate"
"v17_456","0","2","birthDate"
"v17_456","0","3","draftPick"
"v15_256","0","1","thirdTeam"
"v15_256","0","2","thirdDriver"
"v15_256","0","3","course"
"v17_195","0","1","birthDate"
"v17_195","0","2","birthDate"
"v17_195","0","3","deathDate"
"v16_59","0","1","hsvCoordinateHue"
"v16_59","0","2","rgbCoordinateRed"
"v16_59","0","3","rgbCoordinateBlue"
"v16_59","0","4","rgbCoordinateGreen"
"v18_468","0","1","birthDate"
"v18_468","0","2","draftPick"
"v18_468","0","3","birthDate"
"v17_405","0","1","writer"
"v17_405","0","2","producer"
"v17_405","0","3","runtime"
"v15_381","0","1","author"
"v15_381","0","2","composer"
"v15_381","0","3","runtime"
"v18_759","0","1","area"
"v18_759","0","2","area"
"v18_759","0","3","added"
"v17_859","0","1","grandsire"
"v17_859","0","2","sire"
"v17_859","0","3","damsire"
"v17_859","0","4","foalDate"
"v16_379","0","1","shipDisplacement"
"v16_379","0","2","shipBeam"
"v16_379","0","3","shipLaunch"
"v18_758","0","1","area"
"v18_758","0","2","area"
"v18_758","0","3","added"
"v18_130","0","1","team"
"v18_130","0","2","birthDate"
"v18_130","0","3","birthDate"
"v18_915","0","1","shipDraft"
"v18_915","0","2","layingDown"
"v18_915","0","3","commissioningDate"
"v18_205","0","1","choreographer"
"v18_205","0","2","birthDate"
"v18_205","0","3","birthDate"
"v15_37","0","1","hsvCoordinateSaturation"
"v15_37","0","2","rgbCoordinateRed"
"v15_37","0","3","cmykCoordinateBlack"
"v15_37","0","4","cmykCoordinateYellow"
"v15_37","0","5","hsvCoordinateHue"
"v15_40","0","1","cmykCoordinateCyanic"
"v15_40","0","2","hsvCoordinateValue"
"v15_40","0","3","rgbCoordinateGreen"
"v15_40","0","4","rgbCoordinateBlue"
"v15_40","0","5","cmykCoordinateMagenta"
"v15_883","0","1","publisher"
"v15_883","0","2","issn"
"v15_883","0","3","editorTitle"
"v17_835","0","1","architect"
"v17_835","0","2","nrhpReferenceNumber"
"v17_835","0","3","area"
"v17_844","0","1","architect"
"v17_844","0","2","nrhpReferenceNumber"
"v17_844","0","3","area"
"v15_522","0","1","branchFrom"
"v15_522","0","2","branchTo"
"v15_522","0","3","meshNumber"
"v15_522","0","4","meshName"
"v15_522","0","5","graySubject"
"v15_522","0","6","dorlandsPrefix"
"v16_600","0","1","shipDisplacement"
"v16_600","0","2","shipLaunch"
"v16_600","0","3","shipDraft"
"v16_600","0","4","shipBeam"
"v15_183","0","1","writer"
"v15_183","0","2","producer"
"v15_183","0","3","previousWork"
"v15_183","0","4","runtime"
"v17_75","0","1","deathPlace"
"v17_75","0","2","relation"
"v17_75","0","3","birthDate"
"v15_787","0","1","yearOfConstruction"
"v15_787","0","2","area"
"v15_787","0","3","added"
"v15_560","0","1","shipBeam"
"v15_560","0","2","shipLaunch"
"v15_560","0","3","commissioningDate"
"v16_563","0","1","restingPlace"
"v16_563","0","2","child"
"v15_771","0","1","architect"
"v15_771","0","2","nearestCity"
"v15_771","0","3","nrhpReferenceNumber"
"v18_923","0","1","shipDraft"
"v18_923","0","2","layingDown"
"v18_923","0","3","commissioningDate"
"v17_108","0","1","deathPlace"
"v17_108","0","2","deathDate"
"v17_108","0","3","birthDate"
"v18_457","0","1","birthDate"
"v18_457","0","2","draftPick"
"v18_457","0","3","birthDate"
"v15_589","0","1","debutTeam"
"v15_589","0","2","deathPlace"
"v15_589","0","3","birthDate"
"v16_968","0","1","child"
"v16_968","0","2","birthPlace"
"v16_968","0","3","deathDate"
"v15_375","0","1","author"
"v15_375","0","2","composer"
"v15_375","0","3","runtime"
"v15_854","0","1","graySubject"
"v15_854","0","2","dorlandsSuffix"
"v15_854","0","3","grayPage"
"v15_854","0","4","dorlandsPrefix"
"v18_727","0","1","area"
"v18_727","0","2","area"
"v18_727","0","3","added"
"v15_86","0","1","birthPlace"
"v15_86","0","2","birthPlace"
"v15_86","0","3","birthDate"
"v15_434","0","1","debutTeam"
"v15_434","0","2","birthPlace"
"v15_434","0","3","draftPick"
"v17_947","0","1","layingDown"
"v17_947","0","2","shipDisplacement"
"v17_947","0","3","shipLaunch"
"v15_788","0","1","yearOfConstruction"
"v15_788","0","2","area"
"v15_788","0","3","added"
"v17_406","0","1","writer"
"v17_406","0","2","producer"
"v17_406","0","3","runtime"
"v18_767","0","1","area"
"v18_767","0","2","area"
"v18_767","0","3","added"
"v16_442","0","1","writer"
"v16_442","0","2","producer"
"v16_442","0","3","artist"
"v16_442","0","4","subsequentWork"
"v15_132","0","1","precursor"
"v15_132","0","2","graySubject"
"v15_132","0","3","grayPage"
"v18_736","0","1","area"
"v18_736","0","2","area"
"v18_736","0","3","added"
"v15_638","0","1","entrezgene"
"v15_638","0","2","hgncid"
"v15_638","0","3","symbol"
"v16_139","0","1","club"
"v16_139","0","2","birthDate"
"v16_139","0","3","birthDate"
"v18_454","0","1","birthDate"
"v18_454","0","2","draftPick"
"v18_454","0","3","birthDate"
"v16_291","0","1","creatorOfDish"
"v16_291","0","2","ingredientName"
"v16_291","0","3","servingTemperature"
"v15_853","0","1","graySubject"
"v15_853","0","2","dorlandsSuffix"
"v15_853","0","3","grayPage"
"v15_853","0","4","dorlandsPrefix"
"v17_837","0","1","architect"
"v17_837","0","2","nrhpReferenceNumber"
"v17_837","0","3","area"
"v18_204","0","1","formerPartner"
"v18_204","0","2","formerCoach"
"v18_204","0","3","currentPartner"
"v17_488","0","1","precursor"
"v17_488","0","2","artery"
"v17_488","0","3","meshName"
"v17_488","0","4","graySubject"
"v17_488","0","5","grayPage"
"v17_848","0","1","architect"
"v17_848","0","2","nrhpReferenceNumber"
"v17_848","0","3","area"
"v15_483","0","1","branchFrom"
"v15_483","0","2","dorlandsSuffix"
"v15_483","0","3","meshNumber"
"v18_455","0","1","birthDate"
"v18_455","0","2","draftPick"
"v18_455","0","3","birthDate"
"v18_764","0","1","area"
"v18_764","0","2","area"
"v18_764","0","3","added"
"v15_45","0","1","birthPlace"
"v15_45","0","2","deathDate"
"v15_45","0","3","birthName"
"v15_45","0","4","birthDate"
"v17_194","0","1","birthDate"
"v17_194","0","2","birthDate"
"v17_194","0","3","deathDate"
"v17_926","0","1","dorlandsPrefix"
"v17_926","0","2","graySubject"
"v17_926","0","3","grayPage"
"v17_926","0","4","dorlandsSuffix"
"v18_279","0","1","wins"
"v18_279","0","2","poles"
"v18_279","0","3","podiums"
"v18_788","0","1","birthPlace"
"v18_788","0","2","deathDate"
"v18_788","0","3","birthDate"
"v18_788","0","4","birthDate"
"v16_140","0","1","birthPlace"
"v16_140","0","2","birthDate"
"v16_140","0","3","birthDate"
"v16_733","0","2","birthDate"
"v16_733","0","3","birthDate"
"v17_399","0","1","writer"
"v17_399","0","2","producer"
"v17_399","0","3","runtime"
"v16_117","0","1","birthDate"
"v16_117","0","2","birthDate"
"v16_117","0","3","deathDate"
"v18_264","0","1","basedOn"
"v18_264","0","2","writer"
"v18_264","0","3","runtime"
"v16_296","0","1","poles"
"v16_296","0","2","podiums"
"v16_296","0","3","wins"
"v18_538","0","1","branchTo"
"v18_538","0","2","dorlandsSuffix"
"v18_538","0","3","dorlandsPrefix"
"v18_739","0","1","area"
"v18_739","0","2","area"
"v18_739","0","3","added"
"v15_912","0","1","breeder"
"v15_912","0","2","damsire"
"v15_912","0","3","sire"
"v15_912","0","4","grandsire"
"v15_912","0","5","foalDate"
"v15_880","0","1","drainsTo"
"v15_880","0","2","grayPage"
"v15_880","0","3","graySubject"
"v16_151","0","1","team"
"v16_151","0","2","birthDate"
"v16_151","0","3","birthDate"
"v17_56","0","1","birthPlace"
"v17_56","0","2","overallRecord"
"v17_56","0","3","birthDate"
"v17_56","0","4","currentRecord"
"v18_933","0","1","shipDraft"
"v18_933","0","2","layingDown"
"v18_933","0","3","commissioningDate"
"v18_536","0","1","branchTo"
"v18_536","0","2","dorlandsSuffix"
"v18_536","0","3","dorlandsPrefix"
"v18_207","0","1","choreographer"
"v18_207","0","2","birthDate"
"v18_207","0","3","birthDate"
"v15_563","0","1","shipBeam"
"v15_563","0","2","shipLaunch"
"v15_563","0","3","commissioningDate"
"v16_112","0","1","birthDate"
"v16_112","0","2","birthDate"
"v16_112","0","3","deathDate"
"v18_773","0","1","area"
"v18_773","0","2","area"
"v18_773","0","3","added"
"v15_206","0","1","creatorOfDish"
"v15_206","0","2","ingredientName"
"v15_206","0","3","servingTemperature"
"v17_240","0","1","creatorOfDish"
"v17_240","0","2","ingredientName"
"v17_240","0","3","servingTemperature"
"v18_651","0","1","birthDate"
"v18_651","0","2","deathDate"
"v18_651","0","3","birthDate"
"v15_38","0","1","hsvCoordinateSaturation"
"v15_38","0","2","rgbCoordinateRed"
"v15_38","0","3","cmykCoordinateBlack"
"v15_38","0","4","cmykCoordinateYellow"
"v15_38","0","5","hsvCoordinateHue"
"v18_756","0","1","architect"
"v18_756","0","2","governingBody"
"v18_756","0","3","nrhpReferenceNumber"
"v18_756","0","4","yearOfConstruction"
"v17_948","0","1","drainsTo"
"v17_948","0","2","graySubject"
"v17_948","0","3","grayPage"
"v15_327","0","1","ethnicity"
"v15_327","0","2","birthDate"
"v15_327","0","3","birthDate"
"v15_327","0","4","deathDate"
"v15_175","0","1","director"
"v15_175","0","2","starring"
"v15_175","0","3","completionDate"
"v16_346","0","1","fastestDriverTeam"
"v16_346","0","2","fastestDriver"
"v16_346","0","3","secondTeam"
"v15_575","0","1","birthDate"
"v15_575","0","2","deathDate"
"v15_575","0","3","birthDate"
"v16_513","0","1","artery"
"v16_513","0","2","lymph"
"v16_513","0","3","precursor"
"v18_274","0","1","wins"
"v18_274","0","2","poles"
"v18_274","0","3","podiums"
"v18_725","0","1","area"
"v18_725","0","2","area"
"v18_725","0","3","added"
"v17_863","0","1","birthDate"
"v17_863","0","2","birthDate"
"v17_863","0","3","deathDate"
"v16_352","0","1","birthDate"
"v16_352","0","2","birthDate"
"v16_352","0","3","deathDate"
"v16_352","0","4","undraftedYear"
"v18_723","0","1","area"
"v18_723","0","2","area"
"v18_723","0","3","added"
"v18_928","0","1","shipDraft"
"v18_928","0","2","layingDown"
"v18_928","0","3","commissioningDate"
"v18_387","0","1","relation"
"v18_387","0","2","parent"
"v18_387","0","3","birthDate"
"v17_448","0","1","birthDate"
"v17_448","0","2","birthDate"
"v17_448","0","3","draftPick"
"v16_653","0","1","uniprot"
"v16_653","0","2","hgncid"
"v16_653","0","3","entrezgene"
"v16_833","0","1","architect"
"v16_833","0","2","nearestCity"
"v16_833","0","3","yearOfConstruction"
"v17_690","0","1","birthPlace"
"v17_690","0","2","deathPlace"
"v17_690","0","3","birthDate"
"v15_154","0","1","choreographer"
"v15_154","0","2","formerPartner"
"v15_154","0","3","formerChoreographer"
"v15_154","0","4","birthDate"
"v18_498","0","1","nerve"
"v18_498","0","2","lymph"
"v18_498","0","3","meshName"
"v18_250","0","1","basedOn"
"v18_250","0","2","writer"
"v18_250","0","3","runtime"
"v16_601","0","1","shipDisplacement"
"v16_601","0","2","shipLaunch"
"v16_601","0","3","shipDraft"
"v16_601","0","4","shipBeam"
"v17_358","0","1","commissioningDate"
"v17_358","0","2","layingDown"
"v17_358","0","3","shipLaunch"
"v17_358","0","4","decommissioningDate"
"v18_461","0","1","birthDate"
"v18_461","0","2","draftPick"
"v18_461","0","3","birthDate"
"v16_512","0","1","vein"
"v16_512","0","2","nerve"
"v16_512","0","3","grayPage"
"v18_613","0","1","omim"
"v18_613","0","2","uniprot"
"v18_613","0","3","hgncid"
"v18_613","0","4","ecNumber"
"v18_613","0","5","entrezgene"
"v16_969","0","1","child"
"v16_969","0","2","birthPlace"
"v16_969","0","3","deathDate"
"v15_490","0","1","damsire"
"v15_490","0","2","sire"
"v15_490","0","3","foalDate"
"v17_323","0","1","relative"
"v17_323","0","2","deathPlace"
"v17_323","0","3","parent"
"v16_63","0","1","cmykCoordinateCyanic"
"v16_63","0","2","cmykCoordinateBlack"
"v16_63","0","3","hsvCoordinateSaturation"
"v16_514","0","1","damsire"
"v16_514","0","2","grandsire"
"v16_514","0","3","breeder"
"v15_808","0","1","chain"
"v15_808","0","2","numberOfRestaurants"
"v15_808","0","3","numberOfRooms"
"v18_497","0","1","branchFrom"
"v18_497","0","2","vein"
"v18_497","0","3","meshNumber"
"v18_497","0","4","grayPage"
"v16_660","0","1","symbol"
"v16_660","0","2","omim"
"v16_660","0","3","ecNumber"
"v16_221","0","1","relative"
"v16_221","0","2","birthPlace"
"v16_221","0","3","firstAppearance"
"v16_598","0","1","shipDisplacement"
"v16_598","0","2","shipLaunch"
"v16_598","0","3","shipDraft"
"v16_598","0","4","shipBeam"
"v16_918","0","1","drainsTo"
"v16_918","0","2","grayPage"
"v16_918","0","3","graySubject"
"v18_860","0","1","drainsTo"
"v18_860","0","2","graySubject"
"v18_860","0","3","grayPage"
"v17_49","0","1","tournamentRecord"
"v17_49","0","2","bowlRecord"
"v17_49","0","3","birthDate"
"v18_925","0","1","shipDraft"
"v18_925","0","2","layingDown"
"v18_925","0","3","commissioningDate"
"v16_56","0","1","cmykCoordinateMagenta"
"v16_56","0","2","cmykCoordinateYellow"
"v16_56","0","3","hsvCoordinateValue"
"v15_41","0","1","cmykCoordinateCyanic"
"v15_41","0","2","hsvCoordinateValue"
"v15_41","0","3","rgbCoordinateGreen"
"v15_41","0","4","rgbCoordinateBlue"
"v15_41","0","5","cmykCoordinateMagenta"
"v15_88","0","1","deathPlace"
"v15_88","0","2","deathDate"
"v15_88","0","3","birthDate"
"v15_168","0","1","director"
"v15_168","0","2","starring"
"v15_168","0","3","completionDate"
"v18_277","0","1","wins"
"v18_277","0","2","poles"
"v18_277","0","3","podiums"
"v17_461","0","1","birthDate"
"v17_461","0","2","birthDate"
"v17_461","0","3","draftPick"
"v17_344","0","1","commissioningDate"
"v17_344","0","2","layingDown"
"v17_344","0","3","shipLaunch"
"v17_344","0","4","decommissioningDate"
"v16_742","0","1","broadcastNetwork"
"v16_742","0","2","broadcastTranslator"
"v16_742","0","3","broadcastStationClass"
"v16_154","0","1","team"
"v16_154","0","2","birthDate"
"v16_154","0","3","birthDate"
"v15_685","0","1","grayPage"
"v15_685","0","2","brainInfoNumber"
"v15_685","0","3","brainInfoType"
"v15_685","0","4","dorlandsPrefix"
"v15_685","0","5","meshNumber"
"v17_77","0","1","restingPlace"
"v17_77","0","2","birthPlace"
"v17_77","0","3","child"
"v17_77","0","4","birthDate"
"v18_930","0","1","shipDraft"
"v18_930","0","2","layingDown"
"v18_930","0","3","commissioningDate"
"v15_533","0","1","spouse"
"v15_533","0","2","employer"
"v15_533","0","3","birthName"
"v15_31","0","1","dean"
"v15_31","0","2","facultySize"
"v15_31","0","3","numberOfUndergraduateStudents"
"v15_31","0","4","numberOfPostgraduateStudents"
"v16_952","0","1","residence"
"v16_952","0","2","trainer"
"v16_952","0","3","birthDate"
"v18_916","0","1","shipDraft"
"v18_916","0","2","layingDown"
"v18_916","0","3","commissioningDate"
"v15_36","0","1","tournamentRecord"
"v15_36","0","2","currentRecord"
"v15_36","0","3","birthDate"
"v18_580","0","3","configuration"
"v18_580","0","4","valvetrain"
"v16_62","0","1","cmykCoordinateCyanic"
"v16_62","0","2","cmykCoordinateBlack"
"v16_62","0","3","hsvCoordinateSaturation"
"v17_535","0","1","branchFrom"
"v17_535","0","2","vein"
"v17_535","0","3","branchTo"
"v17_535","0","4","grayPage"
"v18_738","0","1","area"
"v18_738","0","2","area"
"v18_738","0","3","added"
"v16_108","0","1","birthDate"
"v16_108","0","2","birthDate"
"v16_108","0","3","deathDate"
"v16_521","0","1","damsire"
"v16_521","0","2","grandsire"
"v16_521","0","3","breeder"
"v16_293","0","1","poles"
"v16_293","0","2","podiums"
"v16_293","0","3","wins"
"v16_295","0","1","poles"
"v16_295","0","2","podiums"
"v16_295","0","3","wins"
"v18_280","0","1","wins"
"v18_280","0","2","poles"
"v18_280","0","3","podiums"
"v15_810","0","1","chain"
"v15_810","0","2","numberOfRestaurants"
"v15_810","0","3","numberOfRooms"
"v15_933","0","1","relation"
"v15_933","0","2","deathDate"
"v15_933","0","3","birthDate"
"v16_225","0","1","formerCoach"
"v16_225","0","2","formerPartner"
"v16_225","0","3","currentPartner"
"v16_225","0","4","birthDate"
"v17_463","0","1","college"
"v17_463","0","2","birthPlace"
"v17_463","0","3","undraftedYear"
"v16_629","0","1","debutTeam"
"v16_629","0","2","birthDate"
"v16_629","0","3","deathDate"
"v16_133","0","1","birthPlace"
"v16_133","0","2","deathPlace"
"v16_133","0","3","deathDate"
"v17_864","0","1","birthDate"
"v17_864","0","2","birthDate"
"v17_864","0","3","deathDate"
"v15_633","0","1","omim"
"v15_633","0","2","ecNumber"
"v15_633","0","3","uniprot"
"v15_851","0","1","politicalPartyInLegislature"
"v15_851","0","2","legislativePeriodName"
"v15_851","0","3","electionDateLeader"
"v15_521","0","1","supplies"
"v15_521","0","2","vein"
"v15_521","0","3","grayPage"
"v15_521","0","4","dorlandsSuffix"
"v16_251","0","1","basedOn"
"v16_251","0","2","starring"
"v16_251","0","3","director"
"v16_54","0","1","cmykCoordinateMagenta"
"v16_54","0","2","cmykCoordinateYellow"
"v16_54","0","3","hsvCoordinateValue"
"v16_612","0","2","birthDate"
"v16_612","0","3","birthDate"
"v16_967","0","1","child"
"v16_967","0","2","birthPlace"
"v16_967","0","3","deathDate"
"v18_918","0","1","shipDraft"
"v18_918","0","2","layingDown"
"v18_918","0","3","commissioningDate"
"v15_44","0","1","birthPlace"
"v15_44","0","2","deathDate"
"v15_44","0","3","birthName"
"v15_44","0","4","birthDate"
"v15_557","0","1","shipBeam"
"v15_557","0","2","shipLaunch"
"v15_557","0","3","commissioningDate"
"v17_951","0","1","previousEditor"
"v17_951","0","2","issn"
"v17_951","0","3","circulation"
"v16_843","0","1","chain"
"v16_843","0","2","architect"
"v16_843","0","3","numberOfRestaurants"
"v16_843","0","4","floorCount"
"v17_60","0","1","hsvCoordinateHue"
"v17_60","0","2","rgbCoordinateGreen"
"v17_60","0","3","cmykCoordinateCyanic"
"v17_60","0","4","cmykCoordinateMagenta"
"v17_60","0","5","cmykCoordinateBlack"
"v17_60","0","6","rgbCoordinateBlue"
"v17_60","0","7","hsvCoordinateSaturation"
"v18_180","0","1","child"
"v18_180","0","2","birthPlace"
"v18_180","0","3","deathDate"
"v15_913","0","1","breeder"
"v15_913","0","2","damsire"
"v15_913","0","3","sire"
"v15_913","0","4","grandsire"
"v15_913","0","5","foalDate"
"v15_639","0","1","entrezgene"
"v15_639","0","2","hgncid"
"v15_639","0","3","symbol"
"v16_554","0","1","branchTo"
"v16_554","0","2","vein"
"v16_554","0","3","branchFrom"
"v16_554","0","4","dorlandsSuffix"
"v16_554","0","5","graySubject"
"v18_747","0","1","city"
"v18_747","0","2","city"
"v18_747","0","3","address"
"v18_596","0","1","battingSide"
"v18_596","0","2","birthDate"
"v18_596","0","3","throwingSide"
"v18_596","0","4","deathDate"
"v17_995","0","1","deathPlace"
"v17_995","0","2","residence"
"v17_995","0","3","birthPlace"
"v17_995","0","4","deathDate"
"v17_193","0","1","child"
"v17_193","0","2","nationality"
"v17_193","0","3","relative"
"v15_935","0","1","relation"
"v15_935","0","2","deathDate"
"v15_935","0","3","birthDate"
"v15_78","0","1","team"
"v15_78","0","2","birthPlace"
"v15_78","0","3","birthDate"
"v16_602","0","1","powerOutput"
"v16_602","0","2","configuration"
"v16_731","0","1","deathDate"
"v16_731","0","2","birthDate"
"v16_731","0","3","birthDate"
"v16_52","0","1","overallRecord"
"v16_52","0","2","coachingRecord"
"v16_52","0","3","currentRecord"
"v18_850","0","1","dorlandsSuffix"
"v18_850","0","2","graySubject"
"v18_850","0","3","grayPage"
"v18_850","0","4","dorlandsPrefix"
"v15_849","0","1","politicalPartyInLegislature"
"v15_849","0","2","legislativePeriodName"
"v15_849","0","3","electionDateLeader"
"v18_194","0","1","birthDate"
"v18_194","0","2","deathDate"
"v18_194","0","3","birthName"
"v17_347","0","1","commissioningDate"
"v17_347","0","2","layingDown"
"v17_347","0","3","shipLaunch"
"v17_347","0","4","decommissioningDate"
"v15_491","0","1","damsire"
"v15_491","0","2","sire"
"v15_491","0","3","foalDate"
"v18_209","0","1","choreographer"
"v18_209","0","2","birthDate"
"v18_209","0","3","birthDate"
"v15_47","0","1","birthPlace"
"v15_47","0","2","deathDate"
"v15_47","0","3","birthName"
"v15_47","0","4","birthDate"
"v15_779","0","1","district"
"v15_779","0","2","district"
"v15_779","0","3","district"
"v18_276","0","1","wins"
"v18_276","0","2","poles"
"v18_276","0","3","podiums"
"v17_54","0","1","birthPlace"
"v17_54","0","2","overallRecord"
"v17_54","0","3","birthDate"
"v17_54","0","4","currentRecord"
"v18_611","0","1","hometown"
"v18_611","0","2","birthDate"
"v18_611","0","3","birthName"
"v18_611","0","4","hairColor"
"v18_519","0","1","breeder"
"v18_519","0","2","sire"
"v18_519","0","3","dam"
"v17_303","0","1","college"
"v17_303","0","2","birthDate"
"v17_303","0","3","undraftedYear"
"v15_89","0","1","deathPlace"
"v15_89","0","2","deathDate"
"v15_89","0","3","birthDate"
"v18_859","0","1","drainsTo"
"v18_859","0","2","graySubject"
"v18_859","0","3","grayPage"
"v18_37","0","1","cmykCoordinateMagenta"
"v18_37","0","2","rgbCoordinateRed"
"v18_37","0","3","cmykCoordinateYellow"
"v18_37","0","4","hsvCoordinateHue"
"v16_917","0","1","drainsTo"
"v16_917","0","2","grayPage"
"v16_917","0","3","graySubject"
"v16_921","0","1","previousEditor"
"v16_921","0","2","circulation"
"v16_921","0","3","editorTitle"
"v17_889","0","1","deathPlace"
"v17_889","0","2","deathDate"
"v17_889","0","3","birthDate"
"v17_889","0","4","birthDate"
"v17_889","0","5","wins"
"v17_196","0","1","spouse"
"v17_196","0","2","birthPlace"
"v17_196","0","3","firstAppearance"
"v17_852","0","1","city"
"v17_852","0","2","city"
"v17_852","0","3","city"
"v16_297","0","1","poles"
"v16_297","0","2","podiums"
"v16_297","0","3","wins"
"v15_540","0","1","hometown"
"v15_540","0","2","birthName"
"v15_540","0","3","birthDate"
"v18_909","0","1","district"
"v18_909","0","2","district"
"v18_909","0","3","district"
"v18_909","0","4","elevation"
"v15_167","0","1","director"
"v15_167","0","2","starring"
"v15_167","0","3","completionDate"
"v15_449","0","1","formerTeam"
"v15_449","0","2","birthDate"
"v15_449","0","3","deathDate"
"v17_198","0","1","formerCoach"
"v17_198","0","2","choreographer"
"v17_198","0","3","birthPlace"
"v17_198","0","4","formerChoreographer"
"v17_198","0","5","formerPartner"
"v17_250","0","1","team"
"v17_250","0","2","formerTeam"
"v17_325","0","1","relative"
"v17_325","0","2","deathPlace"
"v17_325","0","3","parent"
"v16_834","0","1","architect"
"v16_834","0","2","nearestCity"
"v16_834","0","3","yearOfConstruction"
"v18_746","0","1","province"
"v18_746","0","2","province"
"v18_746","0","3","address"
"v15_493","0","1","damsire"
"v15_493","0","2","sire"
"v15_493","0","3","foalDate"
"v16_347","0","1","fastestDriverTeam"
"v16_347","0","2","fastestDriver"
"v16_347","0","3","secondTeam"
"v18_34","0","1","coachedTeam"
"v18_34","0","2","birthDate"
"v18_34","0","3","overallRecord"
"v17_557","0","1","powerOutput"
"v17_557","0","3","configuration"
"v17_544","0","1","residence"
"v17_544","0","2","deathYear"
"v17_544","0","3","deathDate"
"v18_65","0","1","child"
"v18_65","0","2","residence"
"v18_65","0","3","birthDate"
"v18_65","0","4","birthDate"
"v17_489","0","1","vein"
"v17_489","0","2","dorlandsPrefix"
"v17_489","0","3","meshNumber"
"v17_230","0","1","previousWork"
"v17_230","0","2","composer"
"v17_230","0","3","narrator"
"v17_230","0","4","completionDate"
"v16_66","0","1","spouse"
"v16_66","0","2","nationality"
"v16_66","0","3","birthName"
"v16_594","0","1","deathPlace"
"v18_900","0","1","relation"
"v18_900","0","2","militaryCommand"
"v18_900","0","3","serviceNumber"
"v16_659","0","1","uniprot"
"v16_659","0","2","hgncid"
"v16_659","0","3","entrezgene"
"v16_710","0","1","nationality"
"v16_710","0","2","birthPlace"
"v16_710","0","3","birthDate"
"v16_710","0","4","birthDate"
"v16_710","0","5","deathDate"
"v15_809","0","1","chain"
"v15_809","0","2","numberOfRestaurants"
"v15_809","0","3","numberOfRooms"
"v16_838","0","1","dam"
"v16_838","0","2","damsire"
"v16_838","0","3","grandsire"
"v16_838","0","4","breeder"
"v16_838","0","5","sire"
"v16_838","0","6","foalDate"
"v18_275","0","1","wins"
"v18_275","0","2","poles"
"v18_275","0","3","podiums"
"v17_192","0","1","child"
"v17_192","0","2","nationality"
"v17_192","0","3","relative"
"v17_894","0","1","deathPlace"
"v17_894","0","2","birthPlace"
"v17_894","0","3","birthDate"
"v17_894","0","4","deathYear"
"v16_127","0","1","birthDate"
"v16_127","0","2","birthDate"
"v16_127","0","3","deathYear"
"v15_686","0","1","artery"
"v15_686","0","2","dorlandsSuffix"
"v15_686","0","3","graySubject"
"v18_131","0","1","team"
"v18_131","0","2","birthDate"
"v18_131","0","3","birthDate"
"v18_86","0","1","birthName"
"v18_86","0","2","birthDate"
"v18_86","0","3","deathYear"
"v18_292","0","1","team"
"v18_292","0","2","formerTeam"
"v18_179","0","1","meshName"
"v18_179","0","2","meshNumber"
"v18_179","0","3","grayPage"
"v18_179","0","4","graySubject"
"v15_151","0","1","relative"
"v15_151","0","2","birthPlace"
"v15_151","0","3","birthYear"
"v16_793","0","1","birthPlace"
"v16_793","0","2","birthDate"
"v16_793","0","3","deathDate"
"v15_482","0","1","branchFrom"
"v15_482","0","2","dorlandsSuffix"
"v15_482","0","3","meshNumber"
"v15_728","0","1","district"
"v15_728","0","2","district"
"v15_728","0","3","district"
"v15_728","0","4","district"
"v16_208","0","1","nationality"
"v16_208","0","2","birthPlace"
"v16_208","0","3","birthDate"
"v17_276","0","1","firstDriverTeam"
"v17_276","0","2","thirdDriver"
"v17_276","0","3","country"
"v17_276","0","4","secondTeam"
"v15_153","0","1","choreographer"
"v15_153","0","2","formerPartner"
"v15_153","0","3","formerChoreographer"
"v15_153","0","4","birthDate"
"v18_937","0","1","activeYears"
"v18_937","0","2","birthName"
"v18_937","0","3","shoeSize"
"v16_953","0","1","residence"
"v16_953","0","2","trainer"
"v16_953","0","3","birthDate"
"v18_903","0","1","birthName"
"v18_903","0","2","deathDate"
"v18_903","0","3","years"
"v17_536","0","1","supplies"
"v17_536","0","2","dorlandsPrefix"
"v17_536","0","3","graySubject"
"v17_536","0","4","meshName"
"v17_536","0","5","meshNumber"
"v17_536","0","6","dorlandsSuffix"
"v18_463","0","1","birthDate"
"v18_463","0","2","draftPick"
"v18_463","0","3","birthDate"
"v18_787","0","1","birthPlace"
"v18_787","0","2","deathDate"
"v18_787","0","3","birthDate"
"v18_787","0","4","birthDate"
"v16_57","0","1","hsvCoordinateHue"
"v16_57","0","2","rgbCoordinateRed"
"v16_57","0","3","rgbCoordinateBlue"
"v16_57","0","4","rgbCoordinateGreen"
"v18_822","0","1","deathPlace"
"v18_822","0","2","birthDate"
"v18_822","0","3","deathYear"
"v18_822","0","4","deathDate"
"v18_822","0","5","birthName"
"v15_565","0","1","powerOutput"
"v15_565","0","2","torqueOutput"
"v15_565","0","3","valvetrain"
"v16_209","0","1","education"
"v16_209","0","2","parent"
"v16_209","0","3","birthDate"
"v16_126","0","1","birthDate"
"v16_126","0","2","birthDate"
"v16_126","0","3","deathYear"
"v17_490","0","1","vein"
"v17_490","0","2","dorlandsPrefix"
"v17_490","0","3","meshNumber"
"v16_559","0","1","birthPlace"
"v16_559","0","2","hometown"
"v16_559","0","3","parent"
"v18_496","0","1","branchFrom"
"v18_496","0","2","vein"
"v18_496","0","3","meshNumber"
"v18_496","0","4","grayPage"
"v18_278","0","1","wins"
"v18_278","0","2","poles"
"v18_278","0","3","podiums"
"v17_949","0","1","drainsTo"
"v17_949","0","2","graySubject"
"v17_949","0","3","grayPage"
"v18_99","0","1","birthPlace"
"v18_99","0","2","birthPlace"
"v18_99","0","3","birthDate"
"v18_99","0","4","birthDate"
"v18_782","0","1","damsire"
"v18_782","0","2","grandsire"
"v18_782","0","3","dam"
"v18_782","0","4","breeder"
"v18_782","0","5","foalDate"
"v18_897","0","1","militaryUnit"
"v18_897","0","2","child"
"v18_897","0","3","serviceEndYear"
"v18_897","0","4","birthDate"
"v17_543","0","1","residence"
"v17_543","0","2","deathYear"
"v17_543","0","3","deathDate"
"v18_712","0","1","club"
"v18_712","0","2","nationality"
"v18_712","0","3","birthDate"
"v16_515","0","1","damsire"
"v16_515","0","2","grandsire"
"v16_515","0","3","breeder"
"v16_511","0","1","vein"
"v16_511","0","2","nerve"
"v16_511","0","3","grayPage"
"v15_450","0","1","formerTeam"
"v15_450","0","2","birthDate"
"v15_450","0","3","deathDate"
"v15_630","0","1","deathPlace"
"v15_630","0","2","deathDate"
"v15_630","0","3","hairColor"
"v18_41","0","1","spouse"
"v18_41","0","2","birthPlace"
"v18_41","0","3","deathPlace"
"v18_41","0","4","birthDate"
"v18_41","0","5","deathDate"
"v17_106","0","1","birthPlace"
"v17_106","0","2","birthPlace"
"v17_106","0","3","birthDate"
"v16_555","0","1","supplies"
"v16_555","0","2","meshName"
"v16_555","0","3","dorlandsPrefix"
"v16_555","0","4","meshNumber"
"v16_555","0","5","grayPage"
"v16_348","0","1","fastestDriverTeam"
"v16_348","0","2","fastestDriver"
"v16_348","0","3","secondTeam"
"v16_156","0","1","team"
"v16_156","0","2","birthDate"
"v16_156","0","3","birthDate"
"v15_162","0","1","director"
"v15_162","0","2","starring"
"v15_162","0","3","completionDate"
"v18_744","0","1","nearestCity"
"v18_744","0","2","architect"
"v18_744","0","3","nrhpReferenceNumber"
"v18_459","0","1","birthDate"
"v18_459","0","2","draftPick"
"v18_459","0","3","birthDate"
"v17_109","0","1","deathPlace"
"v17_109","0","2","deathDate"
"v17_109","0","3","birthDate"
"v16_50","0","1","birthDate"
"v16_50","0","2","bowlRecord"
"v16_50","0","3","tournamentRecord"
"v17_487","0","1","precursor"
"v17_487","0","2","artery"
"v17_487","0","3","meshName"
"v17_487","0","4","graySubject"
"v17_487","0","5","grayPage"
"v18_83","0","1","team"
"v18_83","0","2","birthPlace"
"v18_83","0","3","deathPlace"
"v18_83","0","4","deathDate"
"v15_485","0","1","precursor"
"v15_485","0","2","vein"
"v15_485","0","3","branchTo"
"v15_485","0","4","graySubject"
"v15_485","0","5","dorlandsPrefix"
"v16_368","0","1","ethnicity"
"v16_368","0","2","deathDate"
"v16_368","0","3","numberOfFilms"
"v17_693","0","1","birthPlace"
"v17_693","0","2","deathPlace"
"v17_693","0","3","birthDate"
"v17_698","0","1","isPartOfAnatomicalStructure"
"v17_698","0","2","brainInfoNumber"
"v17_698","0","3","dorlandsSuffix"
"v17_698","0","4","meshNumber"
"v16_716","0","1","isPartOfAnatomicalStructure"
"v16_716","0","2","brainInfoNumber"
"v16_716","0","3","meshNumber"
"v16_716","0","4","dorlandsSuffix"
"v17_172","0","1","graySubject"
"v17_172","0","2","grayPage"
"v17_172","0","3","dorlandsPrefix"
"v16_135","0","1","birthPlace"
"v16_135","0","2","deathPlace"
"v16_135","0","3","deathDate"
"v15_807","0","1","architect"
"v15_807","0","2","numberOfSuites"
"v15_807","0","3","address"
"v15_807","0","4","floorArea"
"v15_178","0","1","director"
"v15_178","0","2","starring"
"v15_178","0","3","completionDate"
"v18_789","0","1","birthPlace"
"v18_789","0","2","deathDate"
"v18_789","0","3","birthDate"
"v18_789","0","4","birthDate"
"v16_464","0","1","previousWork"
"v16_464","0","2","starring"
"v16_464","0","3","runtime"
"v16_658","0","1","uniprot"
"v16_658","0","2","hgncid"
"v16_658","0","3","entrezgene"
"v16_714","0","1","dorlandsPrefix"
"v16_714","0","2","meshName"
"v16_714","0","3","graySubject"
"v16_714","0","4","grayPage"
"v16_714","0","5","brainInfoType"
"v17_865","0","1","birthDate"
"v17_865","0","2","birthDate"
"v17_865","0","3","deathDate"
"v16_645","0","1","deathPlace"
"v16_645","0","2","deathDate"
"v16_645","0","3","birthDate"
"v16_645","0","4","birthDate"
"v15_881","0","1","drainsTo"
"v15_881","0","2","grayPage"
"v15_881","0","3","graySubject"
"v18_901","0","1","relation"
"v18_901","0","2","militaryCommand"
"v18_901","0","3","serviceNumber"
"v18_851","0","1","dorlandsSuffix"
"v18_851","0","2","graySubject"
"v18_851","0","3","grayPage"
"v18_851","0","4","dorlandsPrefix"
"v15_875","0","1","layingDown"
"v15_875","0","2","shipDisplacement"
"v15_30","0","1","dean"
"v15_30","0","2","facultySize"
"v15_30","0","3","numberOfUndergraduateStudents"
"v15_30","0","4","numberOfPostgraduateStudents"
"v17_619","0","1","symbol"
"v17_619","0","2","omim"
"v17_619","0","3","entrezgene"
"v17_619","0","4","ecNumber"
"v17_619","0","5","hgncid"
"v17_76","0","1","deathPlace"
"v17_76","0","2","relation"
"v17_76","0","3","birthDate"
"v17_841","0","1","architect"
"v17_841","0","2","nrhpReferenceNumber"
"v17_841","0","3","area"
"v16_920","0","1","previousEditor"
"v16_920","0","2","circulation"
"v16_920","0","3","editorTitle"
"v15_632","0","1","omim"
"v15_632","0","2","ecNumber"
"v15_632","0","3","uniprot"
"v15_727","0","1","[mid]"
"v15_727","0","2","[mid]"
"v15_727","0","3","[mid]"
"v15_727","0","4","[mid]"
"v17_614","0","1","birthName"
"v17_614","0","2","shoeNumber"
"v17_614","0","3","eyeColor"
"v15_886","0","1","publisher"
"v15_886","0","2","issn"
"v15_886","0","3","editorTitle"
"v17_895","0","1","spouse"
"v17_895","0","2","deathDate"
"v17_895","0","3","birthDate"
"v15_721","0","1","parent"
"v15_721","0","2","deathDate"
"v15_721","0","3","birthDate"
"v17_862","0","1","birthDate"
"v17_862","0","2","birthDate"
"v17_862","0","3","deathDate"
"v17_697","0","1","brainInfoType"
"v17_697","0","2","dorlandsPrefix"
"v17_697","0","3","grayPage"
"v17_697","0","4","meshName"
"v17_697","0","5","graySubject"
"v15_155","0","1","choreographer"
"v15_155","0","2","formerPartner"
"v15_155","0","3","formerChoreographer"
"v15_155","0","4","birthDate"
"v17_696","0","1","brainInfoType"
"v17_696","0","2","dorlandsPrefix"
"v17_696","0","3","grayPage"
"v17_696","0","4","meshName"
"v17_696","0","5","graySubject"
"v17_324","0","1","relative"
"v17_324","0","2","deathPlace"
"v17_324","0","3","parent"
"v15_387","0","1","author"
"v15_387","0","2","composer"
"v15_387","0","3","runtime"
"v18_924","0","1","shipDraft"
"v18_924","0","2","layingDown"
"v18_924","0","3","commissioningDate"
"v17_88","0","1","leaderName"
"v17_88","0","2","areaCode"
"v17_88","0","3","area"
"v17_88","0","4","elevation"
"v16_49","0","1","birthDate"
"v16_49","0","2","bowlRecord"
"v16_49","0","3","tournamentRecord"
"v16_88","0","1","deathPlace"
"v16_88","0","2","nationality"
"v16_88","0","3","birthPlace"
"v18_273","0","1","[mid]"
"v18_273","0","2","poles"
"v18_273","0","3","podiums"
"v15_749","0","1","yearOfConstruction"
"v15_749","0","2","area"
"v15_749","0","3","area"
"v17_173","0","1","precursor"
"v17_173","0","2","meshName"
"v17_173","0","3","meshNumber"
"v18_540","0","1","area"
"v18_540","0","2","area"
"v18_540","0","3","yearOfConstruction"
"v16_556","0","1","yearOfConstruction"
"v16_556","0","2","area"
"v16_556","0","3","area"
"v17_783","0","1","yearOfConstruction"
"v17_783","0","2","area"
"v17_783","0","3","area"
"v18_698","0","1","area"
"v18_698","0","2","yearOfConstruction"
"v18_698","0","3","area"
"v16_652","0","1","uniprot"
"v16_652","0","2","hgncid"
"v16_652","0","3","entrezgene"
"v17_177","0","1","employer"
"v17_177","0","2","parent"
"v17_177","0","3","birthDate"
"v17_177","0","4","birthDate"
"v17_177","0","5","deathDate"
"v15_814","0","1","birthDate"
"v15_814","0","2","birthDate"
"v15_814","0","3","whaDraft"
"v17_339","0","1","spouse"
"v17_339","0","2","birthPlace"
"v17_339","0","3","birthName"
"v17_339","0","4","birthDate"
"v17_339","0","5","deathDate"
"v18_245","0","1","subsequentWork"
"v18_245","0","2","musicComposer"
"v18_245","0","3","director"
"v15_938","0","1","birthPlace"
"v15_938","0","2","residence"
"v15_938","0","3","child"
"v15_938","0","4","birthDate"
"v16_125","0","1","team"
"v16_125","0","2","birthPlace"
"v16_125","0","3","deathPlace"
"v18_858","0","1","shipDisplacement"
"v18_858","0","2","decommissioningDate"
"v18_858","0","3","shipLaunch"
"v16_868","0","1","ethnicity"
"v16_868","0","2","birthPlace"
"v16_868","0","3","birthDate"
"v16_868","0","4","birthDate"
"v18_730","0","1","area"
"v18_730","0","2","area"
"v18_730","0","3","added"
"v16_94","0","1","relation"
"v16_94","0","2","child"
"v16_94","0","3","birthPlace"
"v16_94","0","4","birthDate"
"v15_156","0","1","deathPlace"
"v15_156","0","2","[mid]"
"v15_156","0","3","birthPlace"
"v15_156","0","4","deathDate"
"v16_715","0","1","dorlandsPrefix"
"v16_715","0","2","meshName"
"v16_715","0","3","graySubject"
"v16_715","0","4","grayPage"
"v16_715","0","5","brainInfoType"
"v18_636","0","1","meshName"
"v18_636","0","2","meshNumber"
"v18_636","0","3","brainInfoNumber"
"v15_856","0","1","graySubject"
"v15_856","0","2","dorlandsSuffix"
"v15_856","0","3","grayPage"
"v15_856","0","4","dorlandsPrefix"
"v18_615","0","1","omim"
"v18_615","0","2","uniprot"
"v18_615","0","3","hgncid"
"v18_615","0","4","ecNumber"
"v18_615","0","5","entrezgene"
"v15_90","0","1","deathPlace"
"v15_90","0","2","deathDate"
"v15_90","0","3","birthDate"
"v18_282","0","1","wins"
"v18_282","0","3","podiums"
"v18_677","0","1","[mid]"
"v18_677","0","2","[mid]"
"v18_677","0","3","[mid]"
"v18_677","0","4","elevation"
"v17_950","0","1","previousEditor"
"v17_950","0","2","issn"
"v17_950","0","3","circulation"
"v16_871","0","1","spouse"
"v16_871","0","2","birthName"
"v16_871","0","3","birthDate"
"v15_1","0","1","almaMater"
"v15_1","0","2","spouse"
"v15_1","0","3","deathPlace"
"v15_1","0","4","birthPlace"
"v15_551","0","1","shipBeam"
"v15_551","0","2","shipLaunch"
"v15_551","0","3","commissioningDate"
"v18_87","0","1","spouse"
"v18_87","0","2","deathPlace"
"v18_87","0","3","deathDate"
"v16_335","0","1","birthPlace"
"v16_335","0","2","relation"
"v16_335","0","3","child"
"v16_335","0","4","birthDate"
"v15_937","0","1","relation"
"v15_937","0","2","deathDate"
"v15_937","0","3","birthDate"
"v17_620","0","1","symbol"
"v17_620","0","2","omim"
"v17_620","0","3","entrezgene"
"v17_620","0","4","ecNumber"
"v17_620","0","5","hgncid"
"v18_178","0","1","precursor"
"v18_178","0","2","dorlandsPrefix"
"v18_178","0","3","dorlandsSuffix"
"v16_61","0","1","hsvCoordinateHue"
"v16_61","0","2","rgbCoordinateRed"
"v16_61","0","3","rgbCoordinateBlue"
"v16_61","0","4","rgbCoordinateGreen"
"v15_570","0","1","numberOfLocations"
"v15_570","0","2","foundingDate"
"v15_570","0","3","assets"
"v16_657","0","1","uniprot"
"v16_657","0","2","hgncid"
"v16_657","0","3","entrezgene"
"v15_936","0","1","relation"
"v15_936","0","2","deathDate"
"v15_936","0","3","birthDate"
"v15_150","0","1","spouse"
"v15_150","0","2","child"
"v15_150","0","3","nationality"
"v15_150","0","5","firstAppearance"
"v16_203","0","1","nationality"
"v16_203","0","2","birthPlace"
"v16_203","0","3","birthDate"
"v17_87","0","1","leaderName"
"v17_87","0","2","areaCode"
"v17_87","0","3","area"
"v17_87","0","4","elevation"
"v17_927","0","1","dorlandsPrefix"
"v17_927","0","2","graySubject"
"v17_927","0","3","grayPage"
"v17_927","0","4","dorlandsSuffix"
"v18_471","0","1","birthDate"
"v18_471","0","2","draftPick"
"v18_471","0","3","birthDate"
"v18_465","0","1","birthDate"
"v18_465","0","2","draftPick"
"v18_465","0","3","birthDate"
"v15_378","0","1","author"
"v15_378","0","2","composer"
"v15_378","0","3","runtime"
"v17_867","0","1","yearOfConstruction"
"v17_867","0","2","area"
"v17_867","0","3","area"
"v15_879","0","1","layingDown"
"v15_879","0","2","shipDisplacement"
"v15_879","0","3","shipDraft"
"v18_581","0","3","configuration"
"v18_581","0","4","valvetrain"
"v16_970","0","1","child"
"v16_970","0","2","birthPlace"
"v16_970","0","3","deathDate"
"v17_893","0","1","deathPlace"
"v17_893","0","2","birthPlace"
"v17_893","0","3","birthDate"
"v17_893","0","4","deathYear"
"v15_494","0","1","damsire"
"v15_494","0","2","sire"
"v15_494","0","3","foalDate"
"v16_58","0","1","hsvCoordinateHue"
"v16_58","0","2","rgbCoordinateRed"
"v16_58","0","3","rgbCoordinateBlue"
"v16_58","0","4","rgbCoordinateGreen"
"v18_369","0","1","deathPlace"
"v18_369","0","2","birthDate"
"v18_369","0","3","deathDate"
"v17_891","0","1","education"
"v17_891","0","2","deathDate"
"v17_891","0","3","birthDate"
"v16_199","0","1","grayPage"
"v16_199","0","2","dorlandsPrefix"
"v16_199","0","3","dorlandsSuffix"
"v16_51","0","1","birthDate"
"v16_51","0","2","bowlRecord"
"v16_51","0","3","tournamentRecord"
"v16_272","0","1","cinematography"
"v16_272","0","2","editing"
"v16_272","0","3","runtime"
"v16_200","0","1","grayPage"
"v16_200","0","2","dorlandsPrefix"
"v16_200","0","3","dorlandsSuffix"
"v18_772","0","1","area"
"v18_772","0","2","area"
"v18_772","0","3","added"
"v16_965","0","1","nationality"
"v16_965","0","2","relation"
"v16_965","0","3","spouse"
"v16_965","0","4","birthDate"
"v16_965","0","5","birthDate"
"v16_60","0","1","hsvCoordinateHue"
"v16_60","0","2","rgbCoordinateRed"
"v16_60","0","3","rgbCoordinateBlue"
"v16_60","0","4","rgbCoordinateGreen"
"v17_59","0","1","hsvCoordinateHue"
"v17_59","0","2","rgbCoordinateGreen"
"v17_59","0","3","cmykCoordinateCyanic"
"v17_59","0","4","cmykCoordinateMagenta"
"v17_59","0","5","cmykCoordinateBlack"
"v17_59","0","6","rgbCoordinateBlue"
"v17_59","0","7","hsvCoordinateSaturation"
"v15_237","0","1","relation"
"v15_237","0","2","child"
"v15_237","0","3","birthDate"
"v15_39","0","1","hsvCoordinateSaturation"
"v15_39","0","2","rgbCoordinateRed"
"v15_39","0","3","cmykCoordinateBlack"
"v15_39","0","4","cmykCoordinateYellow"
"v15_39","0","5","hsvCoordinateHue"
"v18_201","0","1","relative"
"v18_201","0","2","child"
"v18_201","0","3","spouse"
"v15_542","0","1","debutTeam"
"v15_542","0","2","birthDate"
"v15_542","0","3","deathYear"
"v15_542","0","4","deathDate"
"v16_198","0","1","precursor"
"v16_198","0","2","graySubject"
"v16_198","0","3","meshName"
"v15_43","0","1","cmykCoordinateCyanic"
"v15_43","0","2","hsvCoordinateValue"
"v15_43","0","3","rgbCoordinateGreen"
"v15_43","0","4","rgbCoordinateBlue"
"v15_43","0","5","cmykCoordinateMagenta"
"v18_193","0","1","birthDate"
"v18_193","0","2","deathDate"
"v18_193","0","3","birthName"
"v18_700","0","1","birthName"
"v18_700","0","2","deathDate"
"v18_700","0","3","birthDate"
"v17_139","0","1","hometown"
"v17_139","0","2","birthPlace"
"v17_139","0","3","birthDate"
"v17_139","0","4","birthDate"
"v17_139","0","5","deathDate"
"v18_132","0","1","hometown"
"v18_132","0","2","birthPlace"
"v18_132","0","3","birthDate"
"v18_132","0","4","birthDate"
"v18_132","0","5","deathDate"
"v16_222","0","1","spouse"
"v16_222","0","2","deathDate"
"v16_876","0","1","relation"
"v16_876","0","2","child"
"v16_876","0","3","birthPlace"
"v15_3","0","1","parent"
"v15_3","0","2","birthDate"
"v15_3","0","3","deathDate"
"v15_3","0","4","years"
"v15_713","0","1","residence"
"v15_713","0","2","networth"
"v15_713","0","3","birthName"
"v16_53","0","1","cmykCoordinateMagenta"
"v16_53","0","2","cmykCoordinateYellow"
"v16_53","0","3","hsvCoordinateValue"
"v16_110","0","1","birthDate"
"v16_110","0","2","birthDate"
"v16_110","0","3","deathDate"
"v17_558","0","1","powerOutput"
"v17_558","0","3","configuration"
"v17_62","0","1","hsvCoordinateHue"
"v17_62","0","2","rgbCoordinateGreen"
"v17_62","0","3","cmykCoordinateCyanic"
"v17_62","0","4","cmykCoordinateMagenta"
"v17_62","0","5","cmykCoordinateBlack"
"v17_62","0","6","rgbCoordinateBlue"
"v17_62","0","7","hsvCoordinateSaturation"
"v17_459","0","1","birthDate"
"v17_459","0","2","birthDate"
"v17_459","0","3","draftPick"
"v17_64","0","1","rgbCoordinateRed"
"v17_64","0","2","cmykCoordinateYellow"
"v17_64","0","3","hsvCoordinateValue"
"v15_77","0","1","deathPlace"
"v15_77","0","2","nationality"
"v15_77","0","3","deathDate"
"v15_77","0","4","birthDate"
"v15_77","0","5","year"
"v16_64","0","1","cmykCoordinateCyanic"
"v16_64","0","2","cmykCoordinateBlack"
"v16_64","0","3","hsvCoordinateSaturation"
"v15_42","0","1","cmykCoordinateCyanic"
"v15_42","0","2","hsvCoordinateValue"
"v15_42","0","3","rgbCoordinateGreen"
"v15_42","0","4","rgbCoordinateBlue"
"v15_42","0","5","cmykCoordinateMagenta"
"v18_453","0","1","residence"
"v18_453","0","2","birthDate"
"v18_453","0","3","deathDate"
"v18_39","0","1","cmykCoordinateCyanic"
"v18_39","0","2","rgbCoordinateGreen"
"v18_39","0","3","rgbCoordinateBlue"
"v18_39","0","4","hsvCoordinateSaturation"
"v18_39","0","5","hsvCoordinateValue"
"v18_824","0","1","spouse"
"v18_824","0","2","relation"
"v18_824","0","3","birthDate"
"v15_534","0","1","partner"
"v15_534","0","2","[mid]"
"v15_534","0","3","parent"
"v18_839","0","1","foundingDate"
"v18_839","0","2","revenue"
"v18_839","0","3","numberOfOffices"
"v18_283","0","1","wins"
"v18_283","0","2","poles"
"v18_283","0","3","podiums"
"v15_715","0","1","principalEngineer"
"v15_715","0","2","elevation"
"v15_715","0","3","maximumBoatLength"
"v18_665","0","1","principalEngineer"
"v18_665","0","3","elevation"
"v18_84","0","1","nationality"
"v18_84","0","2","birthDate"
"v18_84","0","3","year"
"v18_84","0","4","birthDate"
"v16_557","0","1","instrument"
"v16_557","0","2","birthDate"
"v16_557","0","3","deathYear"
"v18_281","0","1","wins"
"v18_281","0","2","poles"
"v18_281","0","3","podiums"
"v16_1","0","1","child"
"v16_1","0","2","birthName"
"v16_1","0","3","birthDate"
"v17_446","0","1","birthDate"
"v17_446","0","2","birthDate"
"v17_446","0","3","draftPick"
"v15_95","0","1","hometown"
"v15_95","0","2","birthPlace"
"v15_95","0","3","deathDate"
"v15_95","0","4","birthDate"
